user_id,name,email,signup_date,country,device,user_id_num
U1,Karan Verma,user1@gmail.com,2023-04-22,uk,unknown,1
U2,Amit Sharma,user2@gmail.com,2023-10-28,germany,unknown,2
U3,Neha Patel,user3@gmail.com,2023-11-16,us,unknown,3
U4,Priya Singh,user4@gmail.com,2023-11-03,germany,android,4
U5,Sneha Kapoor,user5@gmail.com,2023-02-14,germany,android,5
U6,Priya Mehta,user6@gmail.com,2023-11-06,india,web,6
U7,Rahul Mehta,user7@gmail.com,2023-04-05,us,ios,7
U8,Amit Kapoor,user8@gmail.com,2023-05-14,us,unknown,8
U9,Isha Verma,user9@gmail.com,2023-08-01,us,ios,9
U10,Isha Sharma,user10@gmail.com,2023-09-15,germany,ios,10
U11,Rahul Mehta,user11@gmail.com,2023-09-21,uk,web,11
U12,Amit Sharma,user12@gmail.com,2023-05-06,us,unknown,12
U13,Neha Nair,user13@gmail.com,2023-05-16,unknown,unknown,13
U14,Karan Mehta,user14@gmail.com,2023-07-23,germany,web,14
U15,Arjun Verma,user15@gmail.com,2023-01-03,india,ios,15
U16,Sneha Sharma,user16@gmail.com,2023-06-15,uk,ios,16
U17,Neha Verma,user17@gmail.com,2023-05-27,unknown,android,17
U18,Rahul Verma,user18@gmail.com,2023-02-05,unknown,web,18
U19,Neha Singh,user19@gmail.com,2023-10-07,india,android,19
U20,Sneha Sharma,user20@gmail.com,2023-02-10,uk,android,20
U21,Neha Nair,user21@gmail.com,2023-01-14,germany,android,21
U22,Sneha Sharma,user22@gmail.com,2023-11-07,india,web,22
U23,Sneha Rao,user23@gmail.com,2023-07-26,uk,web,23
U24,Neha Singh,user24@gmail.com,2023-12-07,india,android,24
U25,Amit Mehta,user25@gmail.com,2023-07-26,unknown,web,25
U26,Amit Sharma,user26@gmail.com,2023-07-17,germany,ios,26
U27,Rahul Nair,user27@gmail.com,2023-09-12,uk,web,27
U28,Isha Verma,user28@gmail.com,2023-04-17,india,unknown,28
U29,Isha Kapoor,user29@gmail.com,2023-09-24,india,web,29
U30,Arjun Singh,user30@gmail.com,2023-03-15,us,ios,30
U31,Priya Mehta,user31@gmail.com,2023-10-05,us,ios,31
U32,Neha Nair,user32@gmail.com,2023-02-17,india,unknown,32
U33,Isha Singh,user33@gmail.com,2023-09-25,uk,unknown,33
U34,Amit Verma,user34@gmail.com,2023-05-12,uk,android,34
U35,Isha Mehta,user35@gmail.com,2023-12-26,unknown,web,35
U36,Rahul Patel,user36@gmail.com,2023-03-12,unknown,web,36
U37,Arjun Kapoor,user37@gmail.com,2023-04-20,unknown,web,37
U38,Karan Singh,user38@gmail.com,2023-08-13,us,android,38
U39,Priya Verma,user39@gmail.com,2023-11-15,uk,android,39
U40,Neha Verma,user40@gmail.com,2023-10-08,uk,android,40
U41,Karan Rao,user41@gmail.com,2023-03-17,india,android,41
U42,Isha Kapoor,user42@gmail.com,2023-12-12,us,web,42
U43,Amit Singh,user43@gmail.com,2023-09-11,germany,web,43
U44,Karan Rao,user44@gmail.com,2023-03-15,us,android,44
U45,Priya Patel,user45@gmail.com,2023-10-01,germany,web,45
U46,Priya Kapoor,user46@gmail.com,2023-11-08,india,ios,46
U47,Amit Nair,user47@gmail.com,2023-01-03,india,ios,47
U48,Amit Rao,user48@gmail.com,2023-11-01,uk,web,48
U49,Isha Kapoor,user49@gmail.com,2023-01-03,india,android,49
U50,Amit Nair,user50@gmail.com,2023-10-17,uk,web,50
U51,Neha Patel,user51@gmail.com,2023-03-06,unknown,ios,51
U52,Amit Mehta,user52@gmail.com,2023-09-25,india,unknown,52
U53,Sneha Patel,user53@gmail.com,2023-02-25,india,unknown,53
U54,Rahul Rao,user54@gmail.com,2023-03-04,india,web,54
U55,Amit Kapoor,user55@gmail.com,2023-01-17,india,android,55
U56,Arjun Singh,user56@gmail.com,2023-07-21,germany,ios,56
U57,Isha Kapoor,user57@gmail.com,2023-10-14,india,android,57
U58,Karan Verma,user58@gmail.com,2023-08-18,uk,ios,58
U59,Neha Nair,user59@gmail.com,2023-01-29,uk,web,59
U60,Rahul Patel,user60@gmail.com,2023-01-10,uk,web,60
U61,Sneha Kapoor,user61@gmail.com,2023-08-18,uk,unknown,61
U62,Isha Patel,user62@gmail.com,2023-06-30,germany,android,62
U63,Neha Verma,user63@gmail.com,2023-02-23,us,unknown,63
U64,Priya Rao,user64@gmail.com,2023-02-28,unknown,android,64
U65,Isha Rao,user65@gmail.com,2023-11-03,india,unknown,65
U66,Rahul Verma,user66@gmail.com,2023-09-04,uk,web,66
U67,Isha Mehta,user67@gmail.com,2023-01-28,india,web,67
U68,Sneha Nair,user68@gmail.com,2023-12-26,uk,web,68
U69,Rahul Sharma,user69@gmail.com,2023-10-30,india,web,69
U70,Sneha Rao,user70@gmail.com,2023-12-12,unknown,ios,70
U71,Rahul Nair,user71@gmail.com,2023-11-18,unknown,web,71
U72,Priya Nair,user72@gmail.com,2023-08-27,unknown,web,72
U73,Priya Singh,user73@gmail.com,2023-02-04,india,web,73
U74,Sneha Verma,user74@gmail.com,2023-05-30,uk,ios,74
U75,Neha Kapoor,user75@gmail.com,2023-12-03,unknown,web,75
U76,Priya Singh,user76@gmail.com,2023-03-07,germany,web,76
U77,Karan Patel,user77@gmail.com,2023-10-25,india,web,77
U78,Karan Singh,user78@gmail.com,2023-09-17,india,unknown,78
U79,Sneha Patel,user79@gmail.com,2023-09-05,uk,android,79
U80,Sneha Patel,user80@gmail.com,2023-09-30,india,unknown,80
U81,Karan Mehta,user81@gmail.com,2023-06-01,india,android,81
U82,Rahul Rao,user82@gmail.com,2023-06-19,unknown,web,82
U83,Amit Patel,user83@gmail.com,2023-12-31,uk,web,83
U84,Priya Nair,user84@gmail.com,2023-12-20,unknown,unknown,84
U85,Amit Singh,user85@gmail.com,2023-06-03,unknown,unknown,85
U86,Amit Verma,user86@gmail.com,2023-07-01,uk,android,86
U87,Sneha Nair,user87@gmail.com,2023-02-22,india,web,87
U88,Priya Kapoor,user88@gmail.com,2023-05-26,unknown,android,88
U89,Karan Mehta,user89@gmail.com,2023-01-23,germany,unknown,89
U90,Neha Nair,user90@gmail.com,2023-09-03,germany,unknown,90
U91,Isha Mehta,user91@gmail.com,2023-02-26,india,ios,91
U92,Priya Verma,user92@gmail.com,2023-04-07,germany,unknown,92
U93,Rahul Patel,user93@gmail.com,2023-06-29,india,ios,93
U94,Isha Patel,user94@gmail.com,2023-04-16,india,web,94
U95,Priya Singh,user95@gmail.com,2023-05-23,uk,android,95
U96,Arjun Mehta,user96@gmail.com,2023-03-06,uk,android,96
U97,Arjun Mehta,user97@gmail.com,2023-10-22,uk,ios,97
U98,Arjun Nair,user98@gmail.com,2023-05-29,germany,android,98
U99,Amit Verma,user99@gmail.com,2023-08-24,india,unknown,99
U100,Karan Nair,user100@gmail.com,2023-08-20,germany,web,100
U101,Karan Rao,user101@gmail.com,2023-05-26,germany,ios,101
U102,Priya Sharma,user102@gmail.com,2023-05-28,india,android,102
U103,Amit Verma,user103@gmail.com,2023-07-04,india,ios,103
U104,Arjun Verma,user104@gmail.com,2023-08-07,india,ios,104
U105,Karan Patel,user105@gmail.com,2023-10-30,india,web,105
U106,Sneha Mehta,user106@gmail.com,2023-08-07,uk,unknown,106
U107,Karan Mehta,user107@gmail.com,2023-05-23,us,ios,107
U108,Sneha Nair,user108@gmail.com,2023-02-25,us,android,108
U109,Isha Rao,user109@gmail.com,2023-02-23,india,web,109
U110,Karan Kapoor,user110@gmail.com,2023-06-11,us,ios,110
U111,Neha Patel,user111@gmail.com,2023-01-01,us,ios,111
U112,Karan Sharma,user112@gmail.com,2023-06-29,india,web,112
U113,Sneha Patel,user113@gmail.com,2023-07-29,us,unknown,113
U114,Sneha Nair,user114@gmail.com,2023-04-26,germany,web,114
U115,Sneha Nair,user115@gmail.com,2023-12-15,india,android,115
U116,Isha Nair,user116@gmail.com,2023-06-20,india,web,116
U117,Arjun Singh,user117@gmail.com,2023-12-18,india,android,117
U118,Isha Kapoor,user118@gmail.com,2023-02-13,uk,unknown,118
U119,Neha Mehta,user119@gmail.com,2023-12-31,india,android,119
U120,Sneha Rao,user120@gmail.com,2023-09-10,uk,web,120
U121,Sneha Mehta,user121@gmail.com,2023-04-04,india,web,121
U122,Isha Nair,user122@gmail.com,2023-04-27,india,web,122
U123,Rahul Singh,user123@gmail.com,2023-08-13,unknown,web,123
U124,Sneha Rao,user124@gmail.com,2023-12-10,germany,web,124
U125,Neha Mehta,user125@gmail.com,2023-09-23,us,unknown,125
U126,Amit Rao,user126@gmail.com,2023-08-31,uk,android,126
U127,Rahul Sharma,user127@gmail.com,2023-01-22,unknown,android,127
U128,Neha Verma,user128@gmail.com,2023-03-26,us,web,128
U129,Karan Kapoor,user129@gmail.com,2023-11-14,us,web,129
U130,Neha Nair,user130@gmail.com,2023-01-01,india,ios,130
U131,Karan Verma,user131@gmail.com,2023-08-23,us,unknown,131
U132,Priya Singh,user132@gmail.com,2023-09-24,germany,web,132
U133,Priya Singh,user133@gmail.com,2023-06-04,unknown,android,133
U134,Priya Nair,user134@gmail.com,2023-02-08,us,ios,134
U135,Neha Sharma,user135@gmail.com,2023-05-13,india,ios,135
U136,Sneha Patel,user136@gmail.com,2023-02-02,germany,android,136
U137,Sneha Mehta,user137@gmail.com,2023-02-28,india,web,137
U138,Neha Mehta,user138@gmail.com,2023-01-10,unknown,ios,138
U139,Arjun Rao,user139@gmail.com,2023-10-23,us,ios,139
U140,Sneha Sharma,user140@gmail.com,2023-04-10,india,unknown,140
U141,Karan Patel,user141@gmail.com,2023-09-02,india,web,141
U142,Isha Nair,user142@gmail.com,2023-08-17,india,ios,142
U143,Neha Kapoor,user143@gmail.com,2023-05-09,uk,web,143
U144,Isha Mehta,user144@gmail.com,2023-05-06,germany,android,144
U145,Isha Verma,user145@gmail.com,2023-01-13,us,web,145
U146,Sneha Verma,user146@gmail.com,2023-10-29,india,ios,146
U147,Amit Nair,user147@gmail.com,2023-10-21,uk,unknown,147
U148,Neha Verma,user148@gmail.com,2023-08-25,germany,android,148
U149,Sneha Sharma,user149@gmail.com,2023-03-11,uk,web,149
U150,Rahul Patel,user150@gmail.com,2023-02-28,unknown,android,150
U151,Isha Singh,user151@gmail.com,2023-04-21,germany,ios,151
U152,Isha Singh,user152@gmail.com,2023-09-19,germany,web,152
U153,Rahul Kapoor,user153@gmail.com,2023-12-02,us,web,153
U154,Priya Mehta,user154@gmail.com,2023-05-10,germany,android,154
U155,Sneha Mehta,user155@gmail.com,2023-10-21,uk,ios,155
U156,Sneha Verma,user156@gmail.com,2023-12-24,germany,unknown,156
U157,Sneha Sharma,user157@gmail.com,2023-10-24,us,web,157
U158,Rahul Rao,user158@gmail.com,2023-03-19,us,android,158
U159,Priya Nair,user159@gmail.com,2023-10-29,unknown,android,159
U160,Amit Patel,user160@gmail.com,2023-07-04,uk,web,160
U161,Priya Nair,user161@gmail.com,2023-11-11,india,web,161
U162,Isha Kapoor,user162@gmail.com,2023-08-25,india,unknown,162
U163,Isha Kapoor,user163@gmail.com,2023-12-19,germany,unknown,163
U164,Rahul Nair,user164@gmail.com,2023-07-05,unknown,ios,164
U165,Sneha Singh,user165@gmail.com,2023-02-18,india,ios,165
U166,Arjun Mehta,user166@gmail.com,2023-03-06,germany,unknown,166
U167,Amit Mehta,user167@gmail.com,2023-11-21,unknown,unknown,167
U168,Neha Rao,user168@gmail.com,2023-04-06,uk,web,168
U169,Priya Verma,user169@gmail.com,2023-11-11,uk,web,169
U170,Karan Sharma,user170@gmail.com,2023-07-16,uk,ios,170
U171,Arjun Singh,user171@gmail.com,2023-04-06,uk,web,171
U172,Priya Nair,user172@gmail.com,2023-03-31,uk,web,172
U173,Sneha Kapoor,user173@gmail.com,2023-08-22,unknown,unknown,173
U174,Amit Nair,user174@gmail.com,2023-02-13,unknown,web,174
U175,Priya Patel,user175@gmail.com,2023-03-02,us,android,175
U176,Sneha Patel,user176@gmail.com,2023-11-08,india,web,176
U177,Amit Kapoor,user177@gmail.com,2023-05-07,uk,web,177
U178,Priya Kapoor,user178@gmail.com,2023-04-06,india,web,178
U179,Priya Rao,user179@gmail.com,2023-10-30,unknown,web,179
U180,Amit Singh,user180@gmail.com,2023-10-03,india,ios,180
U181,Amit Verma,user181@gmail.com,2023-05-30,india,web,181
U182,Karan Kapoor,user182@gmail.com,2023-02-19,india,ios,182
U183,Amit Rao,user183@gmail.com,2023-12-24,us,android,183
U184,Amit Verma,user184@gmail.com,2023-09-08,unknown,web,184
U185,Arjun Patel,user185@gmail.com,2023-12-08,india,android,185
U186,Sneha Rao,user186@gmail.com,2023-03-18,uk,web,186
U187,Priya Verma,user187@gmail.com,2023-12-26,germany,unknown,187
U188,Isha Singh,user188@gmail.com,2023-03-09,india,web,188
U189,Karan Rao,user189@gmail.com,2023-02-13,us,unknown,189
U190,Karan Verma,user190@gmail.com,2023-02-14,unknown,android,190
U191,Neha Kapoor,user191@gmail.com,2023-03-14,us,web,191
U192,Arjun Patel,user192@gmail.com,2023-06-07,india,web,192
U193,Sneha Rao,user193@gmail.com,2023-10-14,unknown,web,193
U194,Rahul Patel,user194@gmail.com,2023-11-19,germany,ios,194
U195,Neha Kapoor,user195@gmail.com,2023-03-18,india,web,195
U196,Isha Rao,user196@gmail.com,2023-09-08,us,ios,196
U197,Priya Verma,user197@gmail.com,2023-01-02,india,web,197
U198,Amit Kapoor,user198@gmail.com,2023-03-27,uk,ios,198
U199,Priya Verma,user199@gmail.com,2023-05-14,us,android,199
U200,Sneha Rao,user200@gmail.com,2023-01-04,unknown,unknown,200
U201,Priya Patel,user201@gmail.com,2023-04-10,india,web,201
U202,Isha Kapoor,user202@gmail.com,2023-03-11,uk,web,202
U203,Isha Rao,user203@gmail.com,2023-11-24,india,unknown,203
U204,Rahul Mehta,user204@gmail.com,2023-09-13,unknown,web,204
U205,Isha Singh,user205@gmail.com,2023-03-26,india,web,205
U206,Amit Sharma,user206@gmail.com,2023-02-14,india,ios,206
U207,Sneha Mehta,user207@gmail.com,2023-03-07,uk,android,207
U208,Sneha Nair,user208@gmail.com,2023-01-06,uk,android,208
U209,Isha Rao,user209@gmail.com,2023-05-02,unknown,unknown,209
U210,Karan Singh,user210@gmail.com,2023-03-11,india,android,210
U211,Priya Rao,user211@gmail.com,2023-02-09,us,web,211
U212,Rahul Singh,user212@gmail.com,2023-06-19,india,android,212
U213,Arjun Patel,user213@gmail.com,2023-12-30,germany,unknown,213
U214,Rahul Nair,user214@gmail.com,2023-06-05,india,android,214
U215,Rahul Patel,user215@gmail.com,2023-09-02,india,web,215
U216,Priya Singh,user216@gmail.com,2023-12-19,us,ios,216
U217,Priya Sharma,user217@gmail.com,2023-01-19,india,unknown,217
U218,Sneha Patel,user218@gmail.com,2023-07-03,india,ios,218
U219,Sneha Kapoor,user219@gmail.com,2023-02-08,india,ios,219
U220,Priya Kapoor,user220@gmail.com,2023-01-27,uk,ios,220
U221,Amit Patel,user221@gmail.com,2023-10-28,unknown,web,221
U222,Isha Nair,user222@gmail.com,2023-10-18,germany,web,222
U223,Karan Verma,user223@gmail.com,2023-04-03,india,ios,223
U224,Arjun Sharma,user224@gmail.com,2023-06-19,india,unknown,224
U225,Priya Sharma,user225@gmail.com,2023-12-11,us,web,225
U226,Amit Nair,user226@gmail.com,2023-09-18,unknown,web,226
U227,Amit Kapoor,user227@gmail.com,2023-06-11,india,android,227
U228,Isha Kapoor,user228@gmail.com,2023-08-19,germany,unknown,228
U229,Sneha Patel,user229@gmail.com,2023-04-21,uk,web,229
U230,Priya Singh,user230@gmail.com,2023-04-13,india,ios,230
U231,Sneha Kapoor,user231@gmail.com,2023-10-09,unknown,android,231
U232,Rahul Sharma,user232@gmail.com,2023-01-05,uk,web,232
U233,Isha Kapoor,user233@gmail.com,2023-02-08,us,web,233
U234,Sneha Mehta,user234@gmail.com,2023-04-13,us,web,234
U235,Sneha Nair,user235@gmail.com,2023-02-11,india,ios,235
U236,Isha Patel,user236@gmail.com,2023-09-14,unknown,web,236
U237,Amit Verma,user237@gmail.com,2023-08-27,germany,unknown,237
U238,Amit Rao,user238@gmail.com,2023-03-14,uk,web,238
U239,Isha Rao,user239@gmail.com,2023-12-29,india,ios,239
U240,Neha Patel,user240@gmail.com,2023-02-02,unknown,unknown,240
U241,Arjun Verma,user241@gmail.com,2023-11-17,unknown,web,241
U242,Neha Patel,user242@gmail.com,2023-04-07,us,web,242
U243,Sneha Patel,user243@gmail.com,2023-11-11,india,unknown,243
U244,Neha Rao,user244@gmail.com,2023-06-13,india,unknown,244
U245,Rahul Rao,user245@gmail.com,2023-05-29,uk,unknown,245
U246,Amit Patel,user246@gmail.com,2023-01-23,us,web,246
U247,Sneha Patel,user247@gmail.com,2023-09-24,unknown,web,247
U248,Rahul Mehta,user248@gmail.com,2023-09-01,germany,android,248
U249,Amit Nair,user249@gmail.com,2023-10-19,us,web,249
U250,Neha Sharma,user250@gmail.com,2023-04-08,uk,ios,250
U251,Isha Patel,user251@gmail.com,2023-05-29,uk,unknown,251
U252,Amit Rao,user252@gmail.com,2023-04-24,us,android,252
U253,Arjun Patel,user253@gmail.com,2023-06-26,uk,ios,253
U254,Isha Sharma,user254@gmail.com,2023-02-14,us,android,254
U255,Amit Singh,user255@gmail.com,2023-11-22,india,web,255
U256,Isha Singh,user256@gmail.com,2023-05-12,us,unknown,256
U257,Neha Kapoor,user257@gmail.com,2023-02-24,us,ios,257
U258,Arjun Rao,user258@gmail.com,2023-10-27,uk,ios,258
U259,Amit Kapoor,user259@gmail.com,2023-10-29,uk,ios,259
U260,Amit Singh,user260@gmail.com,2023-06-28,india,ios,260
U261,Arjun Sharma,user261@gmail.com,2023-10-02,india,ios,261
U262,Sneha Singh,user262@gmail.com,2023-09-04,india,android,262
U263,Amit Sharma,user263@gmail.com,2023-05-10,india,unknown,263
U264,Rahul Mehta,user264@gmail.com,2023-04-08,us,web,264
U265,Karan Kapoor,user265@gmail.com,2023-05-15,uk,web,265
U266,Sneha Sharma,user266@gmail.com,2023-01-11,india,web,266
U267,Priya Patel,user267@gmail.com,2023-06-26,india,web,267
U268,Rahul Singh,user268@gmail.com,2023-07-23,india,android,268
U269,Amit Mehta,user269@gmail.com,2023-06-16,unknown,web,269
U270,Rahul Mehta,user270@gmail.com,2023-02-09,india,unknown,270
U271,Rahul Kapoor,user271@gmail.com,2023-11-15,us,ios,271
U272,Isha Verma,user272@gmail.com,2023-09-11,uk,web,272
U273,Rahul Singh,user273@gmail.com,2023-07-07,india,web,273
U274,Rahul Nair,user274@gmail.com,2023-06-17,india,web,274
U275,Isha Patel,user275@gmail.com,2023-09-06,uk,unknown,275
U276,Karan Singh,user276@gmail.com,2023-06-26,uk,ios,276
U277,Isha Patel,user277@gmail.com,2023-07-20,india,ios,277
U278,Amit Verma,user278@gmail.com,2023-12-02,india,unknown,278
U279,Priya Singh,user279@gmail.com,2023-08-17,india,unknown,279
U280,Neha Verma,user280@gmail.com,2023-05-17,unknown,web,280
U281,Karan Sharma,user281@gmail.com,2023-04-13,uk,ios,281
U282,Neha Nair,user282@gmail.com,2023-04-04,germany,web,282
U283,Amit Mehta,user283@gmail.com,2023-04-20,germany,android,283
U284,Isha Kapoor,user284@gmail.com,2023-03-21,us,android,284
U285,Sneha Nair,user285@gmail.com,2023-11-10,india,unknown,285
U286,Rahul Singh,user286@gmail.com,2023-01-12,india,web,286
U287,Neha Rao,user287@gmail.com,2023-08-22,us,android,287
U288,Amit Sharma,user288@gmail.com,2023-07-11,us,ios,288
U289,Amit Nair,user289@gmail.com,2023-01-22,us,unknown,289
U290,Neha Sharma,user290@gmail.com,2023-12-15,uk,web,290
U291,Isha Nair,user291@gmail.com,2023-05-11,unknown,unknown,291
U292,Arjun Mehta,user292@gmail.com,2023-02-11,india,web,292
U293,Rahul Verma,user293@gmail.com,2023-05-04,uk,unknown,293
U294,Neha Nair,user294@gmail.com,2023-11-13,us,unknown,294
U295,Neha Mehta,user295@gmail.com,2023-06-24,india,unknown,295
U296,Isha Sharma,user296@gmail.com,2023-04-23,uk,web,296
U297,Priya Nair,user297@gmail.com,2023-02-15,unknown,web,297
U298,Neha Rao,user298@gmail.com,2023-06-21,uk,unknown,298
U299,Amit Mehta,user299@gmail.com,2023-07-02,unknown,android,299
U300,Karan Mehta,user300@gmail.com,2023-07-26,us,web,300
U301,Rahul Rao,user301@gmail.com,2023-02-22,unknown,web,301
U302,Isha Sharma,user302@gmail.com,2023-02-14,india,web,302
U303,Amit Patel,user303@gmail.com,2023-10-11,us,web,303
U304,Isha Singh,user304@gmail.com,2023-01-20,india,web,304
U305,Karan Nair,user305@gmail.com,2023-04-25,germany,android,305
U306,Karan Rao,user306@gmail.com,2023-04-10,india,web,306
U307,Karan Verma,user307@gmail.com,2023-10-19,unknown,web,307
U308,Priya Singh,user308@gmail.com,2023-08-18,india,unknown,308
U309,Karan Rao,user309@gmail.com,2023-09-14,india,web,309
U310,Neha Verma,user310@gmail.com,2023-03-03,unknown,web,310
U311,Priya Singh,user311@gmail.com,2023-05-04,us,android,311
U312,Neha Sharma,user312@gmail.com,2023-06-18,germany,android,312
U313,Isha Kapoor,user313@gmail.com,2023-09-30,india,web,313
U314,Rahul Singh,user314@gmail.com,2023-09-13,uk,web,314
U315,Amit Sharma,user315@gmail.com,2023-05-17,india,android,315
U316,Priya Patel,user316@gmail.com,2023-07-03,uk,unknown,316
U317,Rahul Kapoor,user317@gmail.com,2023-05-01,india,android,317
U318,Isha Kapoor,user318@gmail.com,2023-12-27,unknown,ios,318
U319,Priya Sharma,user319@gmail.com,2023-02-08,germany,ios,319
U320,Arjun Mehta,user320@gmail.com,2023-02-07,uk,web,320
U321,Neha Patel,user321@gmail.com,2023-03-16,us,web,321
U322,Rahul Mehta,user322@gmail.com,2023-12-10,india,web,322
U323,Arjun Verma,user323@gmail.com,2023-06-02,india,web,323
U324,Neha Rao,user324@gmail.com,2023-02-12,uk,web,324
U325,Sneha Rao,user325@gmail.com,2023-12-01,us,web,325
U326,Sneha Mehta,user326@gmail.com,2023-04-05,us,unknown,326
U327,Karan Nair,user327@gmail.com,2023-08-31,unknown,unknown,327
U328,Arjun Kapoor,user328@gmail.com,2023-06-06,unknown,android,328
U329,Amit Patel,user329@gmail.com,2023-04-26,unknown,ios,329
U330,Neha Singh,user330@gmail.com,2023-08-24,unknown,web,330
U331,Isha Verma,user331@gmail.com,2023-10-01,unknown,android,331
U332,Amit Rao,user332@gmail.com,2023-03-07,unknown,ios,332
U333,Rahul Sharma,user333@gmail.com,2023-01-16,germany,web,333
U334,Sneha Mehta,user334@gmail.com,2023-09-20,us,unknown,334
U335,Isha Rao,user335@gmail.com,2023-01-31,unknown,ios,335
U336,Sneha Rao,user336@gmail.com,2023-06-06,us,web,336
U337,Neha Sharma,user337@gmail.com,2023-08-23,us,ios,337
U338,Arjun Verma,user338@gmail.com,2023-01-09,india,unknown,338
U339,Sneha Verma,user339@gmail.com,2023-05-15,germany,unknown,339
U340,Neha Verma,user340@gmail.com,2023-05-06,unknown,android,340
U341,Rahul Patel,user341@gmail.com,2023-06-02,india,web,341
U342,Rahul Singh,user342@gmail.com,2023-04-11,uk,ios,342
U343,Karan Nair,user343@gmail.com,2023-08-20,india,ios,343
U344,Neha Patel,user344@gmail.com,2023-01-28,germany,web,344
U345,Rahul Kapoor,user345@gmail.com,2023-11-22,uk,unknown,345
U346,Arjun Nair,user346@gmail.com,2023-08-01,germany,ios,346
U347,Neha Patel,user347@gmail.com,2023-07-20,us,unknown,347
U348,Rahul Singh,user348@gmail.com,2023-03-24,uk,ios,348
U349,Amit Sharma,user349@gmail.com,2023-01-05,us,android,349
U350,Karan Mehta,user350@gmail.com,2023-07-29,india,web,350
U351,Rahul Sharma,user351@gmail.com,2023-02-07,india,ios,351
U352,Amit Nair,user352@gmail.com,2023-03-12,uk,unknown,352
U353,Amit Singh,user353@gmail.com,2023-04-01,uk,android,353
U354,Arjun Sharma,user354@gmail.com,2023-12-17,unknown,ios,354
U355,Isha Nair,user355@gmail.com,2023-11-11,germany,web,355
U356,Rahul Singh,user356@gmail.com,2023-03-21,unknown,web,356
U357,Sneha Verma,user357@gmail.com,2023-05-10,germany,ios,357
U358,Amit Singh,user358@gmail.com,2023-11-16,unknown,android,358
U359,Arjun Singh,user359@gmail.com,2023-09-09,us,web,359
U360,Karan Rao,user360@gmail.com,2023-06-15,uk,android,360
U361,Isha Verma,user361@gmail.com,2023-01-10,india,android,361
U362,Isha Patel,user362@gmail.com,2023-12-28,germany,web,362
U363,Isha Sharma,user363@gmail.com,2023-08-23,germany,android,363
U364,Isha Kapoor,user364@gmail.com,2023-04-28,india,web,364
U365,Amit Kapoor,user365@gmail.com,2023-11-21,unknown,ios,365
U366,Sneha Singh,user366@gmail.com,2023-12-13,germany,web,366
U367,Neha Kapoor,user367@gmail.com,2023-03-29,us,web,367
U368,Amit Singh,user368@gmail.com,2023-08-01,uk,web,368
U369,Rahul Kapoor,user369@gmail.com,2023-08-30,india,web,369
U370,Neha Mehta,user370@gmail.com,2023-10-10,uk,web,370
U371,Amit Rao,user371@gmail.com,2023-06-29,germany,ios,371
U372,Arjun Kapoor,user372@gmail.com,2023-05-11,germany,web,372
U373,Isha Verma,user373@gmail.com,2023-11-18,india,unknown,373
U374,Amit Mehta,user374@gmail.com,2023-03-27,us,ios,374
U375,Neha Singh,user375@gmail.com,2023-04-09,india,ios,375
U376,Amit Singh,user376@gmail.com,2023-05-14,india,unknown,376
U377,Karan Rao,user377@gmail.com,2023-08-29,india,web,377
U378,Priya Rao,user378@gmail.com,2023-01-11,unknown,android,378
U379,Priya Patel,user379@gmail.com,2023-10-13,india,web,379
U380,Neha Patel,user380@gmail.com,2023-02-15,us,android,380
U381,Karan Mehta,user381@gmail.com,2023-02-26,unknown,unknown,381
U382,Isha Patel,user382@gmail.com,2023-01-17,india,ios,382
U383,Karan Mehta,user383@gmail.com,2023-05-27,unknown,ios,383
U384,Priya Verma,user384@gmail.com,2023-06-25,india,web,384
U385,Karan Singh,user385@gmail.com,2023-04-08,us,ios,385
U386,Rahul Verma,user386@gmail.com,2023-10-23,india,ios,386
U387,Arjun Rao,user387@gmail.com,2023-04-04,india,web,387
U388,Sneha Singh,user388@gmail.com,2023-12-02,india,web,388
U389,Neha Patel,user389@gmail.com,2023-09-15,india,unknown,389
U390,Arjun Mehta,user390@gmail.com,2023-08-07,india,ios,390
U391,Isha Kapoor,user391@gmail.com,2023-02-28,india,ios,391
U392,Priya Rao,user392@gmail.com,2023-12-13,us,unknown,392
U393,Karan Verma,user393@gmail.com,2023-09-29,unknown,web,393
U394,Amit Mehta,user394@gmail.com,2023-12-26,germany,web,394
U395,Karan Nair,user395@gmail.com,2023-07-13,india,web,395
U396,Isha Verma,user396@gmail.com,2023-08-12,india,unknown,396
U397,Neha Sharma,user397@gmail.com,2023-02-23,us,ios,397
U398,Sneha Kapoor,user398@gmail.com,2023-05-17,india,unknown,398
U399,Karan Rao,user399@gmail.com,2023-04-29,india,unknown,399
U400,Rahul Kapoor,user400@gmail.com,2023-05-05,germany,web,400
U401,Priya Verma,user401@gmail.com,2023-07-10,uk,android,401
U402,Isha Patel,user402@gmail.com,2023-02-05,india,ios,402
U403,Neha Verma,user403@gmail.com,2023-11-03,india,web,403
U404,Amit Nair,user404@gmail.com,2023-11-04,uk,android,404
U405,Arjun Patel,user405@gmail.com,2023-10-17,germany,android,405
U406,Priya Verma,user406@gmail.com,2023-12-07,uk,web,406
U407,Isha Sharma,user407@gmail.com,2023-11-09,india,ios,407
U408,Priya Patel,user408@gmail.com,2023-03-06,unknown,android,408
U409,Isha Nair,user409@gmail.com,2023-02-12,unknown,web,409
U410,Karan Singh,user410@gmail.com,2023-01-06,uk,web,410
U411,Isha Sharma,user411@gmail.com,2023-07-15,us,ios,411
U412,Sneha Verma,user412@gmail.com,2023-12-21,uk,unknown,412
U413,Neha Kapoor,user413@gmail.com,2023-01-30,india,web,413
U414,Sneha Kapoor,user414@gmail.com,2023-03-10,india,android,414
U415,Rahul Kapoor,user415@gmail.com,2023-12-01,unknown,android,415
U416,Priya Singh,user416@gmail.com,2023-07-10,us,web,416
U417,Rahul Verma,user417@gmail.com,2023-09-16,india,android,417
U418,Sneha Singh,user418@gmail.com,2023-04-15,india,web,418
U419,Isha Singh,user419@gmail.com,2023-06-16,unknown,ios,419
U420,Rahul Verma,user420@gmail.com,2023-04-15,germany,web,420
U421,Sneha Nair,user421@gmail.com,2023-05-02,unknown,android,421
U422,Karan Kapoor,user422@gmail.com,2023-08-13,india,unknown,422
U423,Priya Verma,user423@gmail.com,2023-03-30,india,ios,423
U424,Sneha Patel,user424@gmail.com,2023-11-27,unknown,ios,424
U425,Karan Verma,user425@gmail.com,2023-01-23,india,web,425
U426,Karan Verma,user426@gmail.com,2023-01-28,uk,web,426
U427,Arjun Verma,user427@gmail.com,2023-07-17,india,unknown,427
U428,Karan Sharma,user428@gmail.com,2023-03-27,unknown,ios,428
U429,Karan Sharma,user429@gmail.com,2023-09-08,unknown,unknown,429
U430,Karan Sharma,user430@gmail.com,2023-07-22,us,web,430
U431,Rahul Patel,user431@gmail.com,2023-08-10,uk,web,431
U432,Priya Verma,user432@gmail.com,2023-12-06,germany,ios,432
U433,Neha Singh,user433@gmail.com,2023-07-25,india,web,433
U434,Rahul Rao,user434@gmail.com,2023-01-12,germany,android,434
U435,Sneha Mehta,user435@gmail.com,2023-11-12,uk,web,435
U436,Karan Kapoor,user436@gmail.com,2023-11-13,uk,web,436
U437,Isha Nair,user437@gmail.com,2023-11-04,uk,web,437
U438,Sneha Singh,user438@gmail.com,2023-04-26,germany,web,438
U439,Sneha Patel,user439@gmail.com,2023-05-24,uk,unknown,439
U440,Karan Singh,user440@gmail.com,2023-06-13,unknown,unknown,440
U441,Amit Kapoor,user441@gmail.com,2023-10-19,germany,android,441
U442,Sneha Kapoor,user442@gmail.com,2023-06-14,uk,android,442
U443,Rahul Rao,user443@gmail.com,2023-10-31,unknown,ios,443
U444,Sneha Sharma,user444@gmail.com,2023-11-04,us,unknown,444
U445,Amit Singh,user445@gmail.com,2023-06-24,uk,web,445
U446,Rahul Singh,user446@gmail.com,2023-07-07,germany,unknown,446
U447,Amit Rao,user447@gmail.com,2023-10-06,india,web,447
U448,Rahul Patel,user448@gmail.com,2023-01-25,uk,web,448
U449,Amit Sharma,user449@gmail.com,2023-03-29,india,unknown,449
U450,Isha Verma,user450@gmail.com,2023-03-06,unknown,web,450
U451,Isha Sharma,user451@gmail.com,2023-02-14,us,android,451
U452,Priya Mehta,user452@gmail.com,2023-06-22,india,android,452
U453,Arjun Kapoor,user453@gmail.com,2023-07-15,us,ios,453
U454,Isha Singh,user454@gmail.com,2023-11-24,uk,unknown,454
U455,Rahul Verma,user455@gmail.com,2023-03-26,india,web,455
U456,Isha Patel,user456@gmail.com,2023-01-22,india,web,456
U457,Karan Sharma,user457@gmail.com,2023-12-16,germany,android,457
U458,Amit Sharma,user458@gmail.com,2023-07-30,india,android,458
U459,Rahul Singh,user459@gmail.com,2023-01-27,germany,web,459
U460,Karan Mehta,user460@gmail.com,2023-06-10,unknown,web,460
U461,Neha Mehta,user461@gmail.com,2023-09-11,india,web,461
U462,Priya Kapoor,user462@gmail.com,2023-12-29,uk,unknown,462
U463,Amit Mehta,user463@gmail.com,2023-09-15,germany,unknown,463
U464,Neha Sharma,user464@gmail.com,2023-11-20,india,ios,464
U465,Sneha Singh,user465@gmail.com,2023-12-14,india,android,465
U466,Arjun Singh,user466@gmail.com,2023-08-25,india,unknown,466
U467,Sneha Sharma,user467@gmail.com,2023-06-03,india,web,467
U468,Amit Patel,user468@gmail.com,2023-08-03,india,web,468
U469,Arjun Mehta,user469@gmail.com,2023-11-23,unknown,web,469
U470,Isha Singh,user470@gmail.com,2023-09-07,unknown,android,470
U471,Karan Sharma,user471@gmail.com,2023-11-22,india,web,471
U472,Amit Patel,user472@gmail.com,2023-03-24,germany,ios,472
U473,Amit Singh,user473@gmail.com,2023-09-05,germany,android,473
U474,Sneha Verma,user474@gmail.com,2023-10-22,india,web,474
U475,Arjun Nair,user475@gmail.com,2023-07-16,germany,ios,475
U476,Karan Singh,user476@gmail.com,2023-06-21,germany,android,476
U477,Rahul Rao,user477@gmail.com,2023-01-29,unknown,web,477
U478,Karan Mehta,user478@gmail.com,2023-06-16,germany,ios,478
U479,Arjun Kapoor,user479@gmail.com,2023-10-05,us,ios,479
U480,Priya Mehta,user480@gmail.com,2023-08-29,uk,android,480
U481,Amit Nair,user481@gmail.com,2023-06-20,india,unknown,481
U482,Rahul Sharma,user482@gmail.com,2023-07-22,us,ios,482
U483,Priya Verma,user483@gmail.com,2023-03-16,germany,ios,483
U484,Karan Sharma,user484@gmail.com,2023-01-23,unknown,web,484
U485,Amit Rao,user485@gmail.com,2023-10-03,india,web,485
U486,Karan Rao,user486@gmail.com,2023-05-01,germany,android,486
U487,Sneha Singh,user487@gmail.com,2023-02-06,unknown,android,487
U488,Neha Rao,user488@gmail.com,2023-02-24,uk,unknown,488
U489,Karan Singh,user489@gmail.com,2023-03-14,germany,unknown,489
U490,Neha Rao,user490@gmail.com,2023-06-12,india,android,490
U491,Isha Kapoor,user491@gmail.com,2023-02-25,unknown,unknown,491
U492,Sneha Singh,user492@gmail.com,2023-02-27,unknown,web,492
U493,Priya Singh,user493@gmail.com,2023-06-16,unknown,android,493
U494,Sneha Kapoor,user494@gmail.com,2023-10-16,uk,unknown,494
U495,Rahul Sharma,user495@gmail.com,2023-03-07,germany,android,495
U496,Karan Verma,user496@gmail.com,2023-05-13,uk,web,496
U497,Sneha Mehta,user497@gmail.com,2023-12-23,india,ios,497
U498,Sneha Sharma,user498@gmail.com,2023-05-12,india,android,498
U499,Amit Verma,user499@gmail.com,2023-02-25,germany,ios,499
U500,Isha Sharma,user500@gmail.com,2023-07-07,uk,unknown,500
U501,Rahul Verma,user501@gmail.com,2023-01-01,india,ios,501
U502,Rahul Kapoor,user502@gmail.com,2023-06-09,unknown,android,502
U503,Amit Verma,user503@gmail.com,2023-10-11,unknown,web,503
U504,Rahul Mehta,user504@gmail.com,2023-05-26,germany,unknown,504
U505,Arjun Kapoor,user505@gmail.com,2023-03-01,india,android,505
U506,Rahul Verma,user506@gmail.com,2023-11-05,india,unknown,506
U507,Priya Patel,user507@gmail.com,2023-02-22,unknown,web,507
U508,Arjun Patel,user508@gmail.com,2023-11-10,germany,ios,508
U509,Arjun Kapoor,user509@gmail.com,2023-01-18,uk,web,509
U510,Karan Mehta,user510@gmail.com,2023-10-04,india,android,510
U511,Amit Patel,user511@gmail.com,2023-01-26,uk,web,511
U512,Rahul Kapoor,user512@gmail.com,2023-09-10,india,unknown,512
U513,Arjun Kapoor,user513@gmail.com,2023-08-30,india,ios,513
U514,Arjun Sharma,user514@gmail.com,2023-04-28,us,unknown,514
U515,Karan Sharma,user515@gmail.com,2023-07-05,india,android,515
U516,Isha Singh,user516@gmail.com,2023-01-27,india,unknown,516
U517,Neha Verma,user517@gmail.com,2023-08-07,germany,ios,517
U518,Neha Patel,user518@gmail.com,2023-08-09,germany,android,518
U519,Amit Verma,user519@gmail.com,2023-05-11,uk,unknown,519
U520,Amit Singh,user520@gmail.com,2023-08-01,india,web,520
U521,Sneha Verma,user521@gmail.com,2023-03-10,india,android,521
U522,Isha Singh,user522@gmail.com,2023-09-27,uk,android,522
U523,Rahul Nair,user523@gmail.com,2023-04-28,us,web,523
U524,Arjun Kapoor,user524@gmail.com,2023-07-29,uk,web,524
U525,Neha Kapoor,user525@gmail.com,2023-02-14,uk,ios,525
U526,Amit Nair,user526@gmail.com,2023-09-18,india,web,526
U527,Rahul Mehta,user527@gmail.com,2023-05-25,us,unknown,527
U528,Sneha Kapoor,user528@gmail.com,2023-01-05,uk,web,528
U529,Priya Nair,user529@gmail.com,2023-02-21,india,web,529
U530,Neha Sharma,user530@gmail.com,2023-09-08,india,android,530
U531,Neha Verma,user531@gmail.com,2023-07-07,germany,unknown,531
U532,Rahul Sharma,user532@gmail.com,2023-10-23,us,unknown,532
U533,Neha Kapoor,user533@gmail.com,2023-10-25,us,web,533
U534,Priya Mehta,user534@gmail.com,2023-10-15,germany,web,534
U535,Isha Verma,user535@gmail.com,2023-01-10,uk,web,535
U536,Amit Nair,user536@gmail.com,2023-02-23,us,ios,536
U537,Priya Sharma,user537@gmail.com,2023-07-15,india,web,537
U538,Amit Nair,user538@gmail.com,2023-12-16,india,web,538
U539,Isha Sharma,user539@gmail.com,2023-08-10,india,android,539
U540,Arjun Rao,user540@gmail.com,2023-10-08,us,unknown,540
U541,Amit Kapoor,user541@gmail.com,2023-06-07,uk,ios,541
U542,Isha Singh,user542@gmail.com,2023-03-19,germany,android,542
U543,Amit Patel,user543@gmail.com,2023-10-07,germany,web,543
U544,Karan Sharma,user544@gmail.com,2023-06-22,uk,web,544
U545,Rahul Verma,user545@gmail.com,2023-03-06,unknown,web,545
U546,Karan Kapoor,user546@gmail.com,2023-11-28,india,web,546
U547,Amit Rao,user547@gmail.com,2023-04-25,germany,web,547
U548,Isha Sharma,user548@gmail.com,2023-12-21,us,web,548
U549,Priya Singh,user549@gmail.com,2023-07-12,india,ios,549
U550,Karan Patel,user550@gmail.com,2023-08-15,us,web,550
U551,Priya Rao,user551@gmail.com,2023-10-31,india,unknown,551
U552,Sneha Patel,user552@gmail.com,2023-02-13,india,web,552
U553,Sneha Singh,user553@gmail.com,2023-10-08,germany,android,553
U554,Arjun Singh,user554@gmail.com,2023-05-16,india,ios,554
U555,Karan Rao,user555@gmail.com,2023-04-06,india,android,555
U556,Karan Singh,user556@gmail.com,2023-04-16,india,android,556
U557,Rahul Mehta,user557@gmail.com,2023-11-05,unknown,unknown,557
U558,Rahul Rao,user558@gmail.com,2023-07-30,india,ios,558
U559,Arjun Rao,user559@gmail.com,2023-10-10,us,ios,559
U560,Sneha Patel,user560@gmail.com,2023-02-22,india,ios,560
U561,Arjun Rao,user561@gmail.com,2023-11-18,uk,ios,561
U562,Isha Nair,user562@gmail.com,2023-06-22,india,ios,562
U563,Amit Nair,user563@gmail.com,2023-10-26,germany,unknown,563
U564,Arjun Verma,user564@gmail.com,2023-05-21,india,web,564
U565,Sneha Nair,user565@gmail.com,2023-04-13,germany,android,565
U566,Arjun Singh,user566@gmail.com,2023-10-15,us,ios,566
U567,Sneha Sharma,user567@gmail.com,2023-03-16,germany,web,567
U568,Isha Nair,user568@gmail.com,2023-06-25,uk,web,568
U569,Sneha Mehta,user569@gmail.com,2023-03-17,india,android,569
U570,Isha Nair,user570@gmail.com,2023-08-31,germany,unknown,570
U571,Amit Rao,user571@gmail.com,2023-01-18,germany,web,571
U572,Priya Sharma,user572@gmail.com,2023-12-15,india,web,572
U573,Isha Rao,user573@gmail.com,2023-05-23,uk,web,573
U574,Neha Sharma,user574@gmail.com,2023-06-15,india,android,574
U575,Neha Verma,user575@gmail.com,2023-08-21,germany,web,575
U576,Arjun Singh,user576@gmail.com,2023-06-21,india,web,576
U577,Isha Mehta,user577@gmail.com,2023-08-02,us,unknown,577
U578,Rahul Sharma,user578@gmail.com,2023-08-20,india,web,578
U579,Amit Kapoor,user579@gmail.com,2023-02-21,us,web,579
U580,Arjun Nair,user580@gmail.com,2023-09-16,uk,web,580
U581,Amit Sharma,user581@gmail.com,2023-07-26,india,ios,581
U582,Arjun Nair,user582@gmail.com,2023-09-03,india,unknown,582
U583,Rahul Mehta,user583@gmail.com,2023-06-29,unknown,ios,583
U584,Rahul Rao,user584@gmail.com,2023-03-16,germany,android,584
U585,Priya Singh,user585@gmail.com,2023-10-20,uk,ios,585
U586,Karan Patel,user586@gmail.com,2023-09-10,india,ios,586
U587,Priya Verma,user587@gmail.com,2023-06-23,germany,web,587
U588,Karan Verma,user588@gmail.com,2023-07-19,india,web,588
U589,Priya Singh,user589@gmail.com,2023-01-24,us,unknown,589
U590,Neha Verma,user590@gmail.com,2023-05-12,india,ios,590
U591,Priya Nair,user591@gmail.com,2023-05-02,unknown,unknown,591
U592,Karan Singh,user592@gmail.com,2023-10-07,india,ios,592
U593,Isha Singh,user593@gmail.com,2023-03-23,india,android,593
U594,Priya Sharma,user594@gmail.com,2023-02-11,unknown,ios,594
U595,Priya Kapoor,user595@gmail.com,2023-03-05,uk,web,595
U596,Neha Singh,user596@gmail.com,2023-03-09,india,web,596
U597,Neha Nair,user597@gmail.com,2023-08-18,unknown,android,597
U598,Amit Kapoor,user598@gmail.com,2023-01-06,germany,ios,598
U599,Priya Kapoor,user599@gmail.com,2023-07-20,us,unknown,599
U600,Amit Singh,user600@gmail.com,2023-07-09,us,android,600
U601,Neha Rao,user601@gmail.com,2023-11-26,india,android,601
U602,Arjun Rao,user602@gmail.com,2023-08-23,uk,ios,602
U603,Neha Rao,user603@gmail.com,2023-04-07,uk,android,603
U604,Karan Rao,user604@gmail.com,2023-10-31,germany,unknown,604
U605,Amit Singh,user605@gmail.com,2023-04-12,india,android,605
U606,Isha Sharma,user606@gmail.com,2023-01-14,us,unknown,606
U607,Karan Nair,user607@gmail.com,2023-06-24,uk,ios,607
U608,Priya Patel,user608@gmail.com,2023-10-02,india,web,608
U609,Priya Verma,user609@gmail.com,2023-07-02,uk,android,609
U610,Karan Sharma,user610@gmail.com,2023-04-03,unknown,web,610
U611,Karan Kapoor,user611@gmail.com,2023-08-12,uk,unknown,611
U612,Amit Nair,user612@gmail.com,2023-07-09,us,android,612
U613,Karan Mehta,user613@gmail.com,2023-04-28,india,web,613
U614,Amit Sharma,user614@gmail.com,2023-05-17,germany,web,614
U615,Rahul Mehta,user615@gmail.com,2023-04-15,germany,android,615
U616,Karan Mehta,user616@gmail.com,2023-03-10,us,web,616
U617,Amit Nair,user617@gmail.com,2023-10-23,uk,android,617
U618,Neha Nair,user618@gmail.com,2023-01-01,india,ios,618
U619,Priya Sharma,user619@gmail.com,2023-09-05,uk,web,619
U620,Amit Singh,user620@gmail.com,2023-06-08,us,web,620
U621,Arjun Nair,user621@gmail.com,2023-08-22,germany,web,621
U622,Neha Kapoor,user622@gmail.com,2023-08-24,uk,unknown,622
U623,Priya Kapoor,user623@gmail.com,2023-06-11,germany,android,623
U624,Neha Sharma,user624@gmail.com,2023-10-01,india,web,624
U625,Isha Nair,user625@gmail.com,2023-07-27,germany,unknown,625
U626,Isha Nair,user626@gmail.com,2023-02-17,germany,web,626
U627,Arjun Kapoor,user627@gmail.com,2023-01-18,india,android,627
U628,Priya Sharma,user628@gmail.com,2023-10-08,india,web,628
U629,Isha Kapoor,user629@gmail.com,2023-04-30,unknown,ios,629
U630,Amit Sharma,user630@gmail.com,2023-08-05,india,web,630
U631,Neha Sharma,user631@gmail.com,2023-07-29,germany,unknown,631
U632,Karan Kapoor,user632@gmail.com,2023-12-22,us,ios,632
U633,Amit Kapoor,user633@gmail.com,2023-06-21,germany,unknown,633
U634,Neha Singh,user634@gmail.com,2023-02-12,us,android,634
U635,Neha Mehta,user635@gmail.com,2023-01-22,us,ios,635
U636,Karan Verma,user636@gmail.com,2023-12-24,india,unknown,636
U637,Arjun Mehta,user637@gmail.com,2023-12-10,uk,android,637
U638,Neha Rao,user638@gmail.com,2023-10-07,india,web,638
U639,Karan Mehta,user639@gmail.com,2023-09-21,india,android,639
U640,Arjun Verma,user640@gmail.com,2023-06-18,india,web,640
U641,Arjun Nair,user641@gmail.com,2023-11-16,uk,android,641
U642,Isha Nair,user642@gmail.com,2023-03-30,india,android,642
U643,Arjun Mehta,user643@gmail.com,2023-05-11,germany,web,643
U644,Sneha Verma,user644@gmail.com,2023-05-06,unknown,unknown,644
U645,Neha Kapoor,user645@gmail.com,2023-08-12,unknown,unknown,645
U646,Sneha Nair,user646@gmail.com,2023-10-27,germany,android,646
U647,Karan Rao,user647@gmail.com,2023-10-30,india,web,647
U648,Sneha Verma,user648@gmail.com,2023-10-18,india,web,648
U649,Rahul Rao,user649@gmail.com,2023-07-22,india,web,649
U650,Arjun Kapoor,user650@gmail.com,2023-04-18,us,unknown,650
U651,Isha Kapoor,user651@gmail.com,2023-08-28,india,ios,651
U652,Isha Rao,user652@gmail.com,2023-11-06,india,unknown,652
U653,Neha Nair,user653@gmail.com,2023-03-04,germany,unknown,653
U654,Amit Rao,user654@gmail.com,2023-04-02,germany,web,654
U655,Neha Nair,user655@gmail.com,2023-08-31,germany,ios,655
U656,Priya Kapoor,user656@gmail.com,2023-05-23,unknown,web,656
U657,Amit Sharma,user657@gmail.com,2023-05-31,us,ios,657
U658,Amit Kapoor,user658@gmail.com,2023-07-19,germany,android,658
U659,Karan Patel,user659@gmail.com,2023-10-13,india,ios,659
U660,Arjun Singh,user660@gmail.com,2023-03-10,unknown,web,660
U661,Karan Kapoor,user661@gmail.com,2023-09-05,uk,unknown,661
U662,Neha Patel,user662@gmail.com,2023-10-19,india,ios,662
U663,Sneha Singh,user663@gmail.com,2023-06-01,india,ios,663
U664,Rahul Kapoor,user664@gmail.com,2023-12-08,germany,web,664
U665,Priya Mehta,user665@gmail.com,2023-11-29,uk,unknown,665
U666,Neha Nair,user666@gmail.com,2023-07-28,uk,android,666
U667,Rahul Singh,user667@gmail.com,2023-04-09,unknown,web,667
U668,Priya Verma,user668@gmail.com,2023-07-16,uk,android,668
U669,Isha Sharma,user669@gmail.com,2023-03-24,us,unknown,669
U670,Neha Kapoor,user670@gmail.com,2023-04-02,germany,ios,670
U671,Arjun Verma,user671@gmail.com,2023-06-26,uk,ios,671
U672,Arjun Rao,user672@gmail.com,2023-04-26,unknown,unknown,672
U673,Neha Nair,user673@gmail.com,2023-11-09,us,ios,673
U674,Rahul Nair,user674@gmail.com,2023-06-28,india,ios,674
U675,Karan Rao,user675@gmail.com,2023-01-12,india,ios,675
U676,Sneha Singh,user676@gmail.com,2023-07-23,us,web,676
U677,Rahul Kapoor,user677@gmail.com,2023-12-28,unknown,web,677
U678,Isha Rao,user678@gmail.com,2023-12-14,us,web,678
U679,Sneha Nair,user679@gmail.com,2023-09-20,germany,android,679
U680,Karan Verma,user680@gmail.com,2023-11-02,germany,unknown,680
U681,Karan Patel,user681@gmail.com,2023-01-04,india,unknown,681
U682,Neha Verma,user682@gmail.com,2023-11-22,uk,unknown,682
U683,Neha Sharma,user683@gmail.com,2023-03-03,unknown,web,683
U684,Karan Rao,user684@gmail.com,2023-03-30,india,web,684
U685,Neha Singh,user685@gmail.com,2023-01-13,uk,web,685
U686,Rahul Mehta,user686@gmail.com,2023-01-27,uk,unknown,686
U687,Isha Patel,user687@gmail.com,2023-01-25,germany,android,687
U688,Rahul Nair,user688@gmail.com,2023-05-31,india,ios,688
U689,Neha Verma,user689@gmail.com,2023-07-11,india,web,689
U690,Priya Rao,user690@gmail.com,2023-05-08,us,web,690
U691,Isha Verma,user691@gmail.com,2023-08-26,germany,web,691
U692,Arjun Kapoor,user692@gmail.com,2023-03-18,uk,web,692
U693,Amit Rao,user693@gmail.com,2023-07-13,unknown,unknown,693
U694,Arjun Verma,user694@gmail.com,2023-08-16,india,unknown,694
U695,Amit Sharma,user695@gmail.com,2023-09-30,uk,web,695
U696,Amit Singh,user696@gmail.com,2023-03-17,india,unknown,696
U697,Rahul Verma,user697@gmail.com,2023-07-08,india,android,697
U698,Karan Nair,user698@gmail.com,2023-09-14,india,web,698
U699,Priya Kapoor,user699@gmail.com,2023-03-04,unknown,android,699
U700,Rahul Verma,user700@gmail.com,2023-03-12,germany,ios,700
U701,Isha Kapoor,user701@gmail.com,2023-05-25,unknown,android,701
U702,Amit Nair,user702@gmail.com,2023-07-18,india,ios,702
U703,Priya Nair,user703@gmail.com,2023-04-29,uk,ios,703
U704,Arjun Verma,user704@gmail.com,2023-08-26,germany,android,704
U705,Priya Rao,user705@gmail.com,2023-05-25,germany,web,705
U706,Isha Nair,user706@gmail.com,2023-11-16,germany,unknown,706
U707,Isha Singh,user707@gmail.com,2023-01-01,germany,unknown,707
U708,Arjun Singh,user708@gmail.com,2023-04-26,unknown,ios,708
U709,Arjun Patel,user709@gmail.com,2023-01-10,germany,ios,709
U710,Neha Verma,user710@gmail.com,2023-08-31,us,web,710
U711,Priya Nair,user711@gmail.com,2023-08-24,uk,web,711
U712,Karan Rao,user712@gmail.com,2023-02-09,germany,android,712
U713,Isha Sharma,user713@gmail.com,2023-03-16,uk,ios,713
U714,Neha Rao,user714@gmail.com,2023-09-02,us,unknown,714
U715,Isha Verma,user715@gmail.com,2023-03-07,us,web,715
U716,Neha Nair,user716@gmail.com,2023-07-16,uk,android,716
U717,Arjun Sharma,user717@gmail.com,2023-07-18,india,web,717
U718,Arjun Kapoor,user718@gmail.com,2023-10-19,india,android,718
U719,Karan Rao,user719@gmail.com,2023-06-15,india,android,719
U720,Rahul Verma,user720@gmail.com,2023-08-27,india,ios,720
U721,Karan Nair,user721@gmail.com,2023-12-03,unknown,web,721
U722,Sneha Kapoor,user722@gmail.com,2023-01-25,india,web,722
U723,Sneha Mehta,user723@gmail.com,2023-05-16,germany,unknown,723
U724,Neha Nair,user724@gmail.com,2023-05-13,unknown,unknown,724
U725,Neha Mehta,user725@gmail.com,2023-04-01,unknown,ios,725
U726,Sneha Mehta,user726@gmail.com,2023-04-25,us,ios,726
U727,Arjun Patel,user727@gmail.com,2023-11-14,india,web,727
U728,Isha Kapoor,user728@gmail.com,2023-04-30,us,unknown,728
U729,Amit Mehta,user729@gmail.com,2023-12-04,uk,android,729
U730,Isha Nair,user730@gmail.com,2023-11-08,india,web,730
U731,Neha Sharma,user731@gmail.com,2023-12-17,unknown,ios,731
U732,Amit Nair,user732@gmail.com,2023-07-20,uk,web,732
U733,Isha Verma,user733@gmail.com,2023-11-27,uk,web,733
U734,Rahul Rao,user734@gmail.com,2023-06-23,germany,web,734
U735,Arjun Singh,user735@gmail.com,2023-08-13,india,unknown,735
U736,Arjun Mehta,user736@gmail.com,2023-11-23,uk,ios,736
U737,Arjun Singh,user737@gmail.com,2023-10-02,uk,web,737
U738,Neha Sharma,user738@gmail.com,2023-06-11,india,ios,738
U739,Amit Verma,user739@gmail.com,2023-01-21,india,android,739
U740,Arjun Kapoor,user740@gmail.com,2023-11-30,uk,web,740
U741,Neha Rao,user741@gmail.com,2023-04-05,india,android,741
U742,Karan Sharma,user742@gmail.com,2023-06-06,uk,ios,742
U743,Amit Mehta,user743@gmail.com,2023-03-20,uk,ios,743
U744,Neha Mehta,user744@gmail.com,2023-07-03,germany,unknown,744
U745,Arjun Kapoor,user745@gmail.com,2023-08-13,india,web,745
U746,Sneha Verma,user746@gmail.com,2023-12-14,uk,web,746
U747,Karan Kapoor,user747@gmail.com,2023-09-12,us,android,747
U748,Rahul Sharma,user748@gmail.com,2023-09-12,unknown,web,748
U749,Priya Patel,user749@gmail.com,2023-07-31,india,web,749
U750,Amit Verma,user750@gmail.com,2023-03-11,india,unknown,750
U751,Amit Rao,user751@gmail.com,2023-04-13,india,android,751
U752,Isha Verma,user752@gmail.com,2023-04-03,germany,android,752
U753,Arjun Verma,user753@gmail.com,2023-12-25,uk,unknown,753
U754,Neha Rao,user754@gmail.com,2023-02-20,germany,web,754
U755,Karan Kapoor,user755@gmail.com,2023-04-12,uk,unknown,755
U756,Neha Patel,user756@gmail.com,2023-05-09,germany,web,756
U757,Neha Verma,user757@gmail.com,2023-12-11,germany,unknown,757
U758,Priya Kapoor,user758@gmail.com,2023-12-09,unknown,unknown,758
U759,Rahul Patel,user759@gmail.com,2023-09-29,us,ios,759
U760,Rahul Singh,user760@gmail.com,2023-09-14,germany,android,760
U761,Karan Nair,user761@gmail.com,2023-09-12,unknown,unknown,761
U762,Sneha Verma,user762@gmail.com,2023-12-18,india,unknown,762
U763,Priya Nair,user763@gmail.com,2023-08-12,us,web,763
U764,Karan Mehta,user764@gmail.com,2023-11-10,germany,android,764
U765,Amit Singh,user765@gmail.com,2023-10-10,india,web,765
U766,Amit Rao,user766@gmail.com,2023-03-14,india,android,766
U767,Sneha Verma,user767@gmail.com,2023-09-23,india,web,767
U768,Isha Mehta,user768@gmail.com,2023-08-28,unknown,unknown,768
U769,Rahul Sharma,user769@gmail.com,2023-08-11,india,unknown,769
U770,Sneha Patel,user770@gmail.com,2023-11-21,us,ios,770
U771,Arjun Mehta,user771@gmail.com,2023-02-19,germany,web,771
U772,Amit Nair,user772@gmail.com,2023-04-28,germany,web,772
U773,Rahul Singh,user773@gmail.com,2023-08-19,india,ios,773
U774,Rahul Patel,user774@gmail.com,2023-09-01,unknown,web,774
U775,Karan Kapoor,user775@gmail.com,2023-02-18,india,web,775
U776,Sneha Sharma,user776@gmail.com,2023-02-06,india,ios,776
U777,Rahul Nair,user777@gmail.com,2023-10-03,india,unknown,777
U778,Karan Patel,user778@gmail.com,2023-09-29,us,web,778
U779,Neha Mehta,user779@gmail.com,2023-12-24,germany,unknown,779
U780,Karan Singh,user780@gmail.com,2023-06-25,india,ios,780
U781,Priya Singh,user781@gmail.com,2023-01-21,india,unknown,781
U782,Isha Patel,user782@gmail.com,2023-03-30,unknown,android,782
U783,Sneha Kapoor,user783@gmail.com,2023-09-13,us,web,783
U784,Neha Nair,user784@gmail.com,2023-02-14,us,web,784
U785,Priya Singh,user785@gmail.com,2023-08-28,india,web,785
U786,Sneha Rao,user786@gmail.com,2023-06-25,germany,unknown,786
U787,Karan Singh,user787@gmail.com,2023-06-19,india,web,787
U788,Arjun Sharma,user788@gmail.com,2023-08-29,india,unknown,788
U789,Sneha Nair,user789@gmail.com,2023-08-08,india,android,789
U790,Rahul Singh,user790@gmail.com,2023-12-27,us,ios,790
U791,Priya Sharma,user791@gmail.com,2023-10-07,india,web,791
U792,Karan Singh,user792@gmail.com,2023-10-30,germany,android,792
U793,Rahul Sharma,user793@gmail.com,2023-05-16,unknown,android,793
U794,Rahul Rao,user794@gmail.com,2023-07-27,uk,web,794
U795,Sneha Kapoor,user795@gmail.com,2023-04-22,india,unknown,795
U796,Amit Rao,user796@gmail.com,2023-11-10,germany,android,796
U797,Amit Verma,user797@gmail.com,2023-12-16,germany,web,797
U798,Rahul Nair,user798@gmail.com,2023-07-29,unknown,android,798
U799,Isha Sharma,user799@gmail.com,2023-11-21,us,unknown,799
U800,Neha Singh,user800@gmail.com,2023-02-23,germany,unknown,800
