user_id,name,gender,country,signup_date
1,Karan,female,U.S.A,
2,Aditya,Female,USA,01-01-2024
3,Neha,,U.S.A,10-01-2024
4,Rahul,,india,17-01-2024
5,Aditya,Unknown,UK,11-02-2024
6, rahul ,Female,india,15-02-2024
7,Neha,Female,UK,20-02-2024
8, karan ,Unknown,india,04-02-2024
9,Neha,male,Germany,25-02-2024
10,Isha,female,USA,10-02-2024
11,Priya,,USA,25-02-2024
12, aditya ,female,india,07-01-2024
13, priya ,female,india,23-01-2024
14,Aditya,,USA,16-02-2024
15,Priya,,,10-02-2024
16, rahul ,Unknown,USA,04-01-2024
17, neha ,,USA,25-01-2024
18,Sneha,,U.S.A,17-01-2024
19, aditya ,,,02-02-2024
20, aditya ,Unknown,india,22-01-2024
21,Rahul,male,Germany,06-02-2024
22,Rahul,,India,27-01-2024
23,Karan,Female,UK,16-01-2024
24,Sneha,Unknown,Germany,11-02-2024
25,Neha,F,india,08-02-2024
26,Priya,F,U.S.A,24-01-2024
27,Isha,M,USA,14-01-2024
28, priya ,Male,U.S.A,19-01-2024
29,Karan,male,india,20-01-2024
30, rahul ,F,UK,25-01-2024
31, priya ,F,india,25-02-2024
32,Amit,Male,U.S.A,30-01-2024
33,Rahul,M,U.S.A,27-02-2024
34,Amit,Female,Germany,02-01-2024
35,Karan,male,India,
36, karan ,M,Germany,09-01-2024
37,Isha,,India,12-01-2024
38,Karan,Female,,04-01-2024
39,Sneha,Unknown,U.S.A,06-02-2024
40, rahul ,M,UK,15-02-2024
41, amit ,male,,18-02-2024
42, amit ,Male,india,26-01-2024
42,Isha,Male,UK,21-01-2024
44,Karan,F,U.S.A,01-03-2024
45, sneha ,Unknown,,29-01-2024
46, aditya ,,India,17-02-2024
47,Rahul,F,U.S.A,24-01-2024
48,Rahul,Male,UK,04-01-2024
49, neha ,Female,USA,25-02-2024
50, karan ,female,India,27-02-2024
51,Sneha,Male,india,21-01-2024
52, neha ,male,USA,05-01-2024
53,Neha,Male,USA,30-01-2024
54, isha ,male,UK,16-01-2024
55, karan ,female,India,20-02-2024
56, neha ,Unknown,USA,26-01-2024
57,Sneha,female,Germany,19-02-2024
58, aditya ,female,USA,05-01-2024
59, amit ,Male,USA,01-01-2024
60,Karan,female,Germany,10-02-2024
61,Aditya,F,Germany,
62,Sneha,Unknown,USA,08-01-2024
63,Isha,female,USA,11-02-2024
64,Amit,F,Germany,29-02-2024
65,Rahul,Male,UK,22-01-2024
66,Neha,female,,02-01-2024
67, amit ,M,U.S.A,12-01-2024
68, amit ,male,U.S.A,02-01-2024
69,Sneha,Unknown,india,24-02-2024
70,Amit,male,india,24-02-2024
71, rahul ,Male,,07-01-2024
72,Neha,male,USA,31-01-2024
73,Karan,M,USA,02-02-2024
74, isha ,F,U.S.A,01-01-2024
75,Isha,Male,India,17-01-2024
76, amit ,male,U.S.A,21-02-2024
77,Karan,,USA,09-02-2024
78,Neha,,USA,10-01-2024
79, sneha ,,USA,02-01-2024
80,Priya,Unknown,U.S.A,15-01-2024
81, aditya ,Unknown,U.S.A,16-02-2024
82,Aditya,M,India,10-01-2024
83,Amit,,U.S.A,02-02-2024
84,Priya,,India,18-02-2024
85,Sneha,M,USA,
86, karan ,Male,U.S.A,29-02-2024
87,Neha,Unknown,India,10-02-2024
88,Priya,Female,India,15-01-2024
88,Rahul,Female,UK,18-01-2024
90, priya ,male,UK,06-01-2024
91,Aditya,,,01-03-2024
92,Karan,,U.S.A,19-01-2024
93, karan ,M,,08-01-2024
94,Rahul,M,U.S.A,13-01-2024
95, priya ,female,UK,21-01-2024
96,Amit,M,UK,07-01-2024
97, neha ,male,,13-02-2024
98, rahul ,,,
99,Priya,Male,,02-01-2024
100,Karan,F,USA,02-02-2024
101,Aditya,Unknown,Germany,24-02-2024
102, rahul ,Unknown,U.S.A,29-02-2024
103,Isha,,UK,03-01-2024
104,Neha,,Germany,
105, rahul ,Male,Germany,08-01-2024
106,Sneha,Unknown,UK,10-01-2024
107,Isha,Unknown,U.S.A,15-02-2024
108,Aditya,Unknown,UK,05-01-2024
109,Priya,Female,UK,14-01-2024
110,Amit,F,UK,
111, sneha ,female,USA,02-02-2024
112, sneha ,Female,UK,05-01-2024
113,Aditya,male,U.S.A,23-01-2024
114,Karan,Female,Germany,28-02-2024
115,Isha,Female,Germany,24-01-2024
116,Sneha,male,india,12-02-2024
117,Neha,male,india,19-01-2024
118,Isha,Female,,15-02-2024
119,Priya,F,Germany,05-01-2024
120, neha ,,india,
121, isha ,Male,U.S.A,18-02-2024
122, amit ,male,USA,17-02-2024
123,Isha,male,india,24-01-2024
124,Neha,Female,USA,18-02-2024
124, sneha ,Female,Germany,12-01-2024
126,Sneha,Male,Germany,07-02-2024
127,Karan,Unknown,U.S.A,06-02-2024
128,Priya,female,UK,24-02-2024
129,Sneha,Female,India,22-02-2024
130, rahul ,F,,22-02-2024
131, priya ,M,India,11-02-2024
132, amit ,F,,26-02-2024
133, sneha ,,UK,30-01-2024
134,Aditya,,,13-02-2024
135,Sneha,F,india,
136, sneha ,Male,U.S.A,10-01-2024
137,Amit,F,Germany,08-01-2024
138,Sneha,Female,India,13-01-2024
139,Rahul,male,Germany,02-02-2024
140,Neha,Female,USA,01-01-2024
141, karan ,Unknown,Germany,10-01-2024
142,Rahul,M,india,06-02-2024
143,Neha,Male,USA,16-02-2024
144, isha ,Female,UK,15-01-2024
145, karan ,M,U.S.A,02-02-2024
146,Sneha,F,U.S.A,09-02-2024
147,Neha,F,USA,08-02-2024
148, amit ,M,India,01-03-2024
149, isha ,Female,,15-01-2024
150, aditya ,male,India,23-02-2024
151,Priya,Female,USA,14-01-2024
152,Neha,male,Germany,
153,Aditya,M,UK,22-02-2024
154,Aditya,Unknown,india,03-02-2024
155,Isha,male,UK,04-02-2024
156, priya ,F,UK,19-02-2024
157,Rahul,Unknown,India,14-01-2024
158,Aditya,,Germany,
159,Isha,Female,USA,26-02-2024
160,Aditya,Female,,24-01-2024
161, isha ,,USA,03-01-2024
162,Isha,Female,,30-01-2024
163,Priya,F,U.S.A,22-01-2024
164,Priya,Male,U.S.A,31-01-2024
165,Sneha,Female,UK,09-02-2024
166,Amit,Female,U.S.A,08-02-2024
167, isha ,F,india,19-02-2024
168,Isha,,India,01-01-2024
169,Priya,Male,,10-01-2024
170,Amit,,USA,02-01-2024
171, karan ,F,USA,07-02-2024
172, amit ,male,India,19-02-2024
173,Karan,,India,12-01-2024
174,Aditya,M,USA,
175,Karan,Male,India,20-02-2024
176,Priya,Unknown,,01-01-2024
177, karan ,Female,india,08-02-2024
178, isha ,,india,23-02-2024
179,Rahul,,India,16-02-2024
180, rahul ,M,india,07-02-2024
181,Neha,male,Germany,29-01-2024
182, aditya ,Unknown,india,18-02-2024
183,Isha,Female,USA,11-02-2024
184,Karan,Unknown,india,22-01-2024
185,Aditya,female,,25-01-2024
186,Neha,,U.S.A,10-01-2024
187, rahul ,female,UK,24-01-2024
187,Isha,,UK,18-02-2024
189,Aditya,,U.S.A,28-02-2024
190, isha ,female,U.S.A,02-01-2024
191, isha ,,,27-01-2024
192,Aditya,Male,UK,29-01-2024
193, karan ,,UK,10-02-2024
194, sneha ,Female,india,05-02-2024
195, sneha ,F,,12-01-2024
196,Aditya,female,India,20-01-2024
197,Aditya,Female,USA,27-01-2024
198,Aditya,F,india,29-02-2024
199,Aditya,,UK,18-02-2024
200,Neha,Unknown,UK,21-01-2024
201, priya ,Unknown,India,24-01-2024
202,Rahul,M,U.S.A,18-02-2024
203,Priya,Unknown,USA,21-01-2024
204,Isha,F,India,28-01-2024
205, isha ,Unknown,Germany,28-02-2024
206,Aditya,,Germany,24-01-2024
207,Neha,male,UK,29-01-2024
208,Priya,,USA,28-01-2024
209,Amit,M,india,
210,Aditya,male,UK,04-01-2024
211,Neha,male,,06-01-2024
212,Neha,female,USA,28-02-2024
213, isha ,,USA,03-01-2024
214,Amit,,india,18-02-2024
215,Karan,female,U.S.A,04-01-2024
216,Neha,female,,20-01-2024
217,Karan,F,U.S.A,01-02-2024
218, aditya ,Female,USA,22-02-2024
219,Priya,F,UK,01-01-2024
220,Neha,M,,17-01-2024
221,Aditya,female,,25-02-2024
222,Aditya,male,India,10-02-2024
223,Isha,Male,USA,18-01-2024
224,Neha,Unknown,U.S.A,14-02-2024
225,Amit,female,U.S.A,14-01-2024
226,Priya,M,UK,09-02-2024
227,Amit,male,India,12-02-2024
228,Neha,Male,U.S.A,16-02-2024
229,Aditya,M,,15-01-2024
230,Rahul,M,UK,20-01-2024
231,Aditya,Male,India,21-02-2024
232,Priya,Male,USA,13-02-2024
233, isha ,Female,india,16-02-2024
234,Isha,female,UK,01-03-2024
235,Karan,,india,21-02-2024
236,Neha,male,Germany,08-02-2024
237,Neha,F,Germany,24-01-2024
238, amit ,female,USA,03-02-2024
239,Neha,M,india,
240,Karan,male,USA,26-01-2024
241,Priya,Unknown,USA,25-01-2024
242,Aditya,F,Germany,29-02-2024
243, isha ,male,USA,26-01-2024
244, isha ,Female,Germany,05-02-2024
245,Sneha,female,U.S.A,29-01-2024
246,Rahul,Unknown,India,28-01-2024
247,Isha,,India,04-02-2024
248,Amit,Male,India,12-02-2024
249, neha ,Female,UK,28-02-2024
250,Priya,Female,Germany,04-02-2024
251, aditya ,Male,U.S.A,05-01-2024
252, aditya ,F,Germany,10-01-2024
252, isha ,Male,USA,01-03-2024
254,Priya,Unknown,,
255,Priya,F,,17-02-2024
256, neha ,Male,U.S.A,08-02-2024
257,Amit,female,India,22-02-2024
258, rahul ,M,USA,23-02-2024
259, sneha ,female,U.S.A,04-01-2024
260,Sneha,Male,Germany,
261,Rahul,male,india,11-02-2024
262, neha ,Unknown,india,06-02-2024
263,Priya,,Germany,01-01-2024
264, priya ,M,UK,04-02-2024
265,Karan,M,,25-01-2024
266,Priya,Male,U.S.A,05-02-2024
267,Isha,Male,UK,08-02-2024
268,Rahul,Male,UK,19-02-2024
269,Sneha,F,india,27-01-2024
270,Aditya,male,U.S.A,03-02-2024
271, rahul ,Unknown,Germany,20-02-2024
272,Isha,Female,U.S.A,08-02-2024
273,Neha,female,UK,31-01-2024
274,Sneha,M,USA,02-02-2024
274,Isha,Unknown,India,22-02-2024
276, amit ,Unknown,india,20-02-2024
277, amit ,Female,UK,25-02-2024
277,Sneha,male,UK,01-03-2024
279,Isha,female,India,15-02-2024
280,Sneha,F,Germany,29-02-2024
281,Neha,Unknown,,26-01-2024
282,Aditya,Male,india,05-01-2024
283,Neha,male,,01-02-2024
284, isha ,male,India,04-02-2024
285, aditya ,F,India,29-02-2024
286, amit ,Male,Germany,01-03-2024
287,Sneha,,U.S.A,10-01-2024
288,Sneha,M,USA,22-01-2024
289, amit ,Female,Germany,28-02-2024
290,Amit,male,,03-01-2024
291, sneha ,Unknown,U.S.A,01-03-2024
292, rahul ,Female,India,
293, aditya ,M,,
294,Karan,Unknown,U.S.A,03-02-2024
295,Rahul,male,USA,29-01-2024
296,Sneha,female,,04-02-2024
297,Neha,Male,India,25-01-2024
298,Priya,Female,U.S.A,06-02-2024
299,Isha,Unknown,india,31-01-2024
300,Karan,male,U.S.A,12-02-2024
301,Isha,Unknown,,10-01-2024
302, neha ,male,Germany,17-01-2024
303,Aditya,Male,india,07-01-2024
304,Amit,Unknown,India,24-01-2024
305,Karan,Male,india,01-02-2024
306, isha ,Female,Germany,14-01-2024
307,Sneha,Male,,09-02-2024
308,Priya,Unknown,UK,22-02-2024
309,Isha,Female,Germany,30-01-2024
310,Isha,,UK,29-02-2024
311, karan ,,U.S.A,03-02-2024
312,Amit,male,USA,06-01-2024
313,Aditya,M,Germany,18-02-2024
314,Priya,female,india,20-02-2024
315,Karan,,India,02-01-2024
316,Isha,F,india,29-02-2024
317,Neha,female,India,02-02-2024
318,Aditya,M,USA,07-01-2024
319, isha ,,Germany,06-01-2024
320, neha ,Female,Germany,01-02-2024
321,Priya,Unknown,Germany,27-02-2024
322,Amit,Male,,31-01-2024
323,Karan,female,U.S.A,19-02-2024
324, neha ,Male,India,17-02-2024
325,Karan,Unknown,USA,03-02-2024
326,Neha,Male,Germany,13-01-2024
327,Priya,Male,India,20-01-2024
328,Priya,female,india,13-01-2024
329, sneha ,,USA,15-02-2024
330,Sneha,Male,Germany,02-02-2024
331,Amit,F,,
332,Neha,F,Germany,22-01-2024
333,Rahul,,U.S.A,09-02-2024
334, aditya ,M,india,20-01-2024
335, isha ,Female,india,01-03-2024
336,Priya,male,india,25-01-2024
337,Aditya,,UK,27-01-2024
338,Sneha,F,U.S.A,27-02-2024
339, priya ,female,UK,02-02-2024
340,Priya,Female,india,19-01-2024
341,Rahul,F,Germany,09-01-2024
342,Isha,male,U.S.A,25-01-2024
343,Karan,,India,20-01-2024
344,Neha,M,india,09-02-2024
345, karan ,F,Germany,25-01-2024
346, sneha ,male,UK,23-01-2024
347,Aditya,female,india,16-01-2024
348,Isha,Female,India,01-02-2024
349,Isha,female,India,11-02-2024
350, aditya ,male,UK,17-01-2024
351,Isha,Unknown,india,27-02-2024
352, rahul ,M,USA,12-01-2024
353,Sneha,M,Germany,28-01-2024
354, isha ,Unknown,Germany,21-02-2024
355,Aditya,Male,Germany,17-01-2024
356,Priya,Male,UK,29-02-2024
357,Amit,male,Germany,13-02-2024
358,Aditya,F,Germany,03-01-2024
359, isha ,male,USA,11-01-2024
360,Priya,Unknown,,25-01-2024
361, amit ,Unknown,USA,20-01-2024
362, amit ,,UK,27-02-2024
363,Priya,Female,UK,08-01-2024
364, neha ,female,Germany,25-01-2024
365,Amit,Female,india,24-02-2024
366,Karan,,UK,14-02-2024
367, rahul ,male,U.S.A,08-02-2024
368,Rahul,F,U.S.A,10-01-2024
369, sneha ,Male,,11-01-2024
370, rahul ,,USA,23-01-2024
371, rahul ,female,india,09-02-2024
372,Rahul,Female,UK,
373,Isha,Female,UK,13-01-2024
374, isha ,Female,,01-03-2024
375, neha ,Male,india,12-02-2024
376, rahul ,female,UK,24-01-2024
377, karan ,Female,Germany,11-01-2024
378, neha ,Unknown,,28-01-2024
379,Priya,Unknown,Germany,21-01-2024
380, sneha ,male,,15-01-2024
381,Priya,Male,India,10-01-2024
382,Amit,Unknown,,25-02-2024
383,Neha,male,U.S.A,
384, karan ,Unknown,Germany,16-01-2024
385,Priya,Unknown,U.S.A,17-01-2024
386,Isha,,USA,30-01-2024
387,Isha,Unknown,UK,14-01-2024
388,Sneha,female,U.S.A,16-02-2024
389,Neha,female,USA,
390,Isha,Unknown,india,01-03-2024
391,Sneha,,UK,24-01-2024
392,Isha,,,04-01-2024
393,Priya,,,08-01-2024
394,Amit,,USA,02-02-2024
395,Priya,F,Germany,20-01-2024
396, isha ,Unknown,india,24-02-2024
397,Aditya,M,Germany,30-01-2024
398,Amit,female,India,01-02-2024
399,Amit,,U.S.A,13-01-2024
400,Neha,male,UK,12-01-2024
401,Rahul,F,U.S.A,10-01-2024
402,Rahul,male,UK,17-02-2024
403,Rahul,male,USA,
404,Sneha,Unknown,india,23-01-2024
405,Karan,Male,UK,19-01-2024
406,Isha,Unknown,,18-02-2024
407,Neha,F,U.S.A,01-01-2024
408,Karan,male,UK,27-02-2024
409, isha ,Female,India,19-01-2024
410,Amit,Unknown,USA,18-02-2024
411, rahul ,Female,USA,06-01-2024
412,Isha,Female,Germany,31-01-2024
413, neha ,F,UK,13-02-2024
414, amit ,Male,U.S.A,12-01-2024
415,Sneha,F,U.S.A,17-02-2024
416,Sneha,M,india,06-01-2024
417, aditya ,F,UK,17-01-2024
418, priya ,M,UK,11-01-2024
419,Amit,male,India,28-02-2024
420,Priya,,Germany,10-01-2024
421,Sneha,Unknown,,04-02-2024
422,Amit,Male,india,31-01-2024
423,Neha,Male,UK,29-02-2024
424,Priya,Male,,12-02-2024
425, neha ,M,Germany,16-02-2024
426, amit ,Female,,28-02-2024
427,Sneha,Unknown,U.S.A,08-01-2024
428,Priya,M,india,17-01-2024
429, priya ,Unknown,india,01-01-2024
430,Rahul,,india,30-01-2024
431, amit ,,UK,10-01-2024
432, neha ,Male,USA,15-01-2024
433,Karan,Male,Germany,30-01-2024
434,Isha,Male,U.S.A,07-02-2024
435,Neha,male,,02-01-2024
436, isha ,female,Germany,24-02-2024
437, aditya ,,india,12-02-2024
438, aditya ,Male,,27-02-2024
439,Sneha,female,India,13-02-2024
440, karan ,Female,UK,03-02-2024
441,Isha,F,Germany,12-01-2024
442, rahul ,,U.S.A,07-01-2024
442,Priya,male,USA,15-02-2024
444,Isha,,india,05-02-2024
445,Priya,M,USA,02-01-2024
446,Amit,,,23-01-2024
447, aditya ,female,Germany,15-01-2024
448,Neha,female,,06-01-2024
449,Neha,Unknown,India,18-02-2024
450,Aditya,Male,U.S.A,08-01-2024
451,Aditya,female,India,16-02-2024
452,Priya,Male,Germany,29-02-2024
453,Isha,Male,USA,20-02-2024
454,Amit,Unknown,india,31-01-2024
455,Sneha,Female,Germany,02-02-2024
456,Aditya,F,,14-02-2024
457, amit ,male,India,01-01-2024
458, priya ,Male,india,05-01-2024
459,Sneha,,india,06-02-2024
460,Amit,F,,09-01-2024
461,Priya,Male,U.S.A,07-01-2024
462,Karan,Male,India,27-01-2024
463,Isha,male,,30-01-2024
464,Aditya,female,india,21-02-2024
465, rahul ,Female,Germany,09-01-2024
466,Neha,,,26-02-2024
467,Rahul,,UK,19-01-2024
468, isha ,Male,U.S.A,09-02-2024
469, priya ,F,india,06-02-2024
470, rahul ,female,UK,11-02-2024
471,Karan,F,UK,11-01-2024
472, amit ,Unknown,USA,01-02-2024
473,Sneha,F,India,14-01-2024
474,Sneha,M,india,04-02-2024
475,Aditya,,USA,14-02-2024
476,Karan,F,India,23-01-2024
477,Amit,Unknown,UK,14-01-2024
478, rahul ,Male,USA,09-01-2024
479,Neha,Unknown,USA,14-01-2024
480,Sneha,,india,15-01-2024
481, rahul ,male,USA,12-02-2024
482,Isha,female,India,10-02-2024
483,Amit,male,Germany,02-01-2024
484, amit ,female,India,20-01-2024
485,Aditya,M,UK,21-01-2024
486,Karan,Female,Germany,01-02-2024
487,Karan,M,India,15-01-2024
488,Isha,M,India,05-01-2024
489,Amit,Female,USA,13-02-2024
490,Rahul,M,,28-02-2024
491,Neha,female,india,
492,Karan,M,india,11-01-2024
493,Sneha,F,U.S.A,01-02-2024
494, karan ,male,USA,16-01-2024
495,Rahul,,UK,27-01-2024
496, aditya ,M,,16-02-2024
497, priya ,male,Germany,06-02-2024
497,Isha,F,Germany,15-02-2024
499, karan ,male,U.S.A,08-02-2024
500,Amit,M,U.S.A,25-01-2024
501,Rahul,,U.S.A,08-02-2024
502, rahul ,Female,,22-01-2024
503,Rahul,M,USA,31-01-2024
504,Karan,Male,india,23-01-2024
505,Aditya,male,Germany,25-02-2024
506,Neha,Unknown,India,03-01-2024
507, sneha ,,Germany,13-01-2024
508,Rahul,Unknown,UK,09-01-2024
509, isha ,female,USA,05-01-2024
510,Isha,female,Germany,10-02-2024
511, neha ,Male,india,22-02-2024
512,Rahul,M,USA,06-02-2024
513,Neha,F,india,25-02-2024
514,Amit,Female,India,26-02-2024
515,Priya,female,UK,10-02-2024
516, neha ,Male,india,16-02-2024
517,Amit,male,U.S.A,12-02-2024
518,Sneha,Female,india,20-02-2024
519,Amit,male,,04-01-2024
520, amit ,Female,USA,
521,Isha,,Germany,26-01-2024
522,Amit,Female,Germany,13-01-2024
523,Sneha,Unknown,,08-02-2024
524,Priya,Unknown,india,31-01-2024
525,Neha,,UK,20-01-2024
526,Sneha,,,19-02-2024
527,Amit,Unknown,U.S.A,20-02-2024
528, neha ,female,india,17-02-2024
529,Amit,Unknown,Germany,12-01-2024
530, amit ,,India,25-01-2024
531,Aditya,Male,UK,28-02-2024
532, sneha ,Unknown,india,18-02-2024
533,Aditya,male,USA,02-01-2024
534,Priya,,,15-02-2024
535, neha ,M,india,22-02-2024
536,Neha,M,Germany,15-01-2024
537,Karan,,,05-02-2024
538,Isha,F,India,23-02-2024
539,Rahul,Male,India,01-03-2024
540, sneha ,Unknown,India,14-01-2024
541,Karan,male,Germany,26-01-2024
542,Aditya,,india,25-02-2024
542, isha ,female,,26-01-2024
544,Karan,Female,India,23-01-2024
545,Sneha,female,,28-02-2024
546,Sneha,Female,USA,13-02-2024
547,Sneha,Unknown,,26-01-2024
548,Amit,F,UK,13-01-2024
549,Aditya,female,U.S.A,25-01-2024
550,Karan,F,India,20-01-2024
551, aditya ,male,india,09-02-2024
552,Neha,Unknown,,23-02-2024
553,Aditya,M,,29-02-2024
554,Isha,Male,U.S.A,01-03-2024
555,Rahul,M,UK,19-01-2024
556,Rahul,,India,09-02-2024
557, karan ,,USA,26-01-2024
558,Neha,Male,Germany,15-01-2024
559,Rahul,male,U.S.A,
560,Amit,female,india,24-02-2024
561, aditya ,Unknown,india,18-01-2024
562,Priya,Unknown,UK,24-01-2024
563, sneha ,male,India,02-02-2024
564,Amit,male,U.S.A,21-01-2024
565,Sneha,Male,U.S.A,10-01-2024
566,Karan,Female,U.S.A,15-01-2024
567,Karan,female,india,14-02-2024
568,Rahul,Unknown,India,01-03-2024
569,Aditya,,India,20-01-2024
570,Priya,F,UK,24-01-2024
571,Aditya,Female,Germany,14-01-2024
572,Rahul,F,India,01-01-2024
573, rahul ,,UK,02-02-2024
574,Priya,Unknown,,14-02-2024
575,Neha,M,india,30-01-2024
576,Neha,male,india,02-02-2024
577,Karan,,Germany,26-01-2024
578, sneha ,Unknown,USA,23-01-2024
579,Neha,Male,,15-02-2024
580,Amit,F,India,19-02-2024
581,Rahul,Unknown,Germany,31-01-2024
582,Sneha,Unknown,,17-02-2024
583,Isha,,U.S.A,07-01-2024
584,Sneha,female,,23-01-2024
585,Priya,male,India,15-01-2024
586, karan ,,India,31-01-2024
587,Sneha,Male,USA,18-02-2024
588, amit ,male,India,02-01-2024
589,Priya,female,U.S.A,07-01-2024
590, neha ,Female,Germany,28-02-2024
591,Priya,,UK,16-02-2024
592,Amit,,U.S.A,13-01-2024
593,Isha,female,UK,31-01-2024
593, sneha ,,India,
595,Priya,Female,,18-01-2024
596, rahul ,M,U.S.A,28-02-2024
597, amit ,Unknown,India,08-01-2024
598,Isha,Unknown,india,15-01-2024
599,Karan,female,Germany,31-01-2024
600, amit ,male,India,04-02-2024
601,Sneha,male,UK,21-01-2024
602,Sneha,,UK,
603,Aditya,male,USA,06-01-2024
604, aditya ,Unknown,,06-02-2024
605, karan ,Unknown,,24-02-2024
606, karan ,F,Germany,
607,Amit,,USA,26-02-2024
608, aditya ,male,Germany,20-01-2024
609, karan ,female,U.S.A,06-02-2024
610,Aditya,Female,India,04-01-2024
611, rahul ,Unknown,India,17-01-2024
612, rahul ,Unknown,india,09-01-2024
613,Rahul,Male,U.S.A,13-01-2024
614,Neha,Male,USA,29-01-2024
615,Aditya,female,Germany,27-02-2024
616,Isha,Female,,28-01-2024
617,Karan,M,UK,12-02-2024
618,Rahul,Female,india,15-01-2024
619,Aditya,M,UK,22-02-2024
620,Priya,M,India,
621, sneha ,M,,02-02-2024
622,Isha,F,,17-01-2024
623,Karan,Female,U.S.A,05-01-2024
624,Isha,F,U.S.A,
625,Aditya,Female,Germany,12-02-2024
626,Isha,Female,,11-01-2024
627, neha ,female,U.S.A,
628,Neha,Unknown,,29-02-2024
629, aditya ,M,India,03-01-2024
630,Sneha,Unknown,U.S.A,07-02-2024
631,Priya,Female,UK,03-01-2024
632,Priya,male,UK,23-02-2024
633, rahul ,M,USA,10-02-2024
634,Aditya,F,U.S.A,05-01-2024
635, neha ,Male,USA,09-01-2024
636,Isha,F,U.S.A,20-02-2024
637,Isha,,USA,17-01-2024
638, amit ,male,india,20-02-2024
639,Isha,M,,17-02-2024
640,Neha,M,UK,12-02-2024
641,Rahul,male,india,24-01-2024
642, sneha ,male,UK,17-02-2024
643, aditya ,Female,India,28-02-2024
644,Neha,M,,08-02-2024
645,Karan,Female,Germany,17-02-2024
646,Sneha,F,Germany,06-01-2024
647,Priya,Unknown,,02-01-2024
648,Sneha,female,india,07-02-2024
649,Neha,Female,UK,28-01-2024
650,Sneha,Female,Germany,17-01-2024
651,Amit,female,U.S.A,20-01-2024
651, neha ,female,,01-03-2024
653, priya ,male,india,14-01-2024
654,Sneha,Female,India,14-01-2024
655,Isha,Male,Germany,23-01-2024
656, amit ,M,india,09-02-2024
657,Rahul,Unknown,,25-02-2024
658,Amit,F,India,18-01-2024
659, rahul ,F,U.S.A,16-02-2024
660,Isha,M,UK,29-02-2024
661, neha ,Male,,03-01-2024
662, sneha ,Female,Germany,
663,Aditya,female,India,29-01-2024
664,Rahul,M,UK,21-01-2024
665,Priya,female,India,23-01-2024
666,Priya,Female,Germany,12-01-2024
667,Sneha,Female,USA,
668,Isha,Unknown,India,05-01-2024
669,Sneha,Female,USA,02-01-2024
670,Karan,Male,,08-02-2024
671,Karan,F,,
672, karan ,F,Germany,28-01-2024
673, karan ,Male,Germany,20-02-2024
674, aditya ,Male,India,13-02-2024
675,Isha,Unknown,Germany,20-02-2024
676, karan ,Unknown,india,15-02-2024
677,Karan,,USA,03-01-2024
678, neha ,F,india,17-02-2024
679, isha ,Male,india,16-02-2024
680,Aditya,female,India,14-01-2024
681,Rahul,Unknown,india,18-01-2024
682,Amit,female,India,09-02-2024
683, neha ,female,U.S.A,15-02-2024
684,Sneha,M,india,12-02-2024
685,Aditya,Female,UK,19-01-2024
686, priya ,,Germany,14-01-2024
687,Karan,male,india,24-02-2024
688,Neha,Male,UK,19-01-2024
689, sneha ,,,20-02-2024
690,Sneha,M,U.S.A,02-01-2024
691,Priya,Unknown,,04-01-2024
692,Karan,Unknown,USA,03-02-2024
693, aditya ,F,UK,
694,Amit,female,USA,31-01-2024
695,Amit,,,29-01-2024
696,Karan,female,Germany,24-02-2024
697,Karan,female,,18-01-2024
698,Isha,F,U.S.A,07-02-2024
699,Karan,Male,Germany,01-03-2024
700,Isha,M,Germany,21-01-2024
701,Isha,male,India,22-01-2024
702,Isha,male,U.S.A,01-02-2024
703, aditya ,F,India,12-01-2024
704, karan ,Male,UK,
705,Isha,male,USA,01-01-2024
706,Karan,Female,Germany,04-01-2024
707,Rahul,F,Germany,24-01-2024
708,Isha,M,Germany,01-02-2024
709, rahul ,,UK,16-02-2024
710,Karan,male,Germany,03-01-2024
711,Amit,M,Germany,03-02-2024
712,Karan,male,USA,29-02-2024
713,Isha,Male,USA,03-02-2024
714,Karan,F,U.S.A,22-01-2024
715,Karan,,,02-01-2024
716,Aditya,male,Germany,06-02-2024
717, rahul ,Unknown,,27-01-2024
718, neha ,F,India,29-01-2024
719,Isha,Female,U.S.A,28-02-2024
720, aditya ,male,USA,17-02-2024
721,Isha,F,Germany,12-01-2024
722,Priya,Unknown,india,27-02-2024
723,Neha,female,USA,19-02-2024
724,Aditya,Female,India,04-01-2024
725,Rahul,female,UK,
726,Neha,F,UK,29-01-2024
727, sneha ,Male,india,11-01-2024
728, priya ,female,UK,12-01-2024
729, karan ,Female,India,23-02-2024
730,Neha,,U.S.A,17-01-2024
731, rahul ,F,Germany,29-02-2024
732,Priya,Unknown,Germany,28-01-2024
733,Isha,Male,,14-01-2024
734,Isha,Male,india,16-01-2024
735,Karan,female,USA,
736,Rahul,Female,,28-02-2024
737,Priya,Unknown,UK,06-02-2024
738,Karan,male,Germany,05-02-2024
739,Karan,male,UK,09-01-2024
740,Karan,male,india,21-01-2024
741,Karan,male,india,04-02-2024
742, isha ,Unknown,USA,05-02-2024
743,Aditya,Female,india,19-01-2024
744,Priya,Unknown,UK,01-02-2024
745,Karan,M,Germany,24-01-2024
746,Aditya,male,,18-01-2024
747, karan ,M,U.S.A,01-02-2024
748,Rahul,Male,,16-01-2024
749, sneha ,female,,
750,Sneha,Female,USA,20-02-2024
751,Neha,Female,India,26-02-2024
752,Amit,male,Germany,14-02-2024
753, rahul ,M,UK,16-01-2024
754,Karan,M,U.S.A,17-01-2024
755,Karan,M,UK,20-01-2024
756, sneha ,Unknown,UK,14-02-2024
757,Priya,M,Germany,
758,Aditya,male,India,28-01-2024
759,Sneha,,U.S.A,09-02-2024
760, sneha ,female,USA,24-01-2024
761,Priya,Male,india,22-02-2024
762,Amit,F,India,18-01-2024
763, aditya ,Male,UK,06-01-2024
764, neha ,Unknown,USA,06-02-2024
765,Sneha,male,USA,06-02-2024
766,Isha,M,U.S.A,06-01-2024
767,Rahul,Female,U.S.A,12-02-2024
768,Amit,,india,24-02-2024
769,Rahul,female,india,30-01-2024
770,Neha,M,,19-01-2024
771, neha ,male,Germany,18-01-2024
772,Amit,F,USA,16-01-2024
773,Aditya,Unknown,india,17-01-2024
774, aditya ,F,,19-02-2024
775, karan ,F,USA,05-01-2024
776,Rahul,M,U.S.A,05-02-2024
777,Amit,female,,25-01-2024
778, neha ,female,,15-02-2024
779,Amit,,,09-02-2024
780,Neha,male,,03-01-2024
781, isha ,male,,11-02-2024
782,Karan,Unknown,india,17-02-2024
783,Karan,,USA,27-01-2024
784, karan ,female,india,07-01-2024
785,Aditya,male,India,06-01-2024
786,Neha,Male,USA,25-02-2024
787, neha ,M,India,15-02-2024
788,Isha,Male,India,18-02-2024
789, sneha ,male,,23-01-2024
790,Isha,Male,India,19-01-2024
791,Karan,F,india,05-01-2024
792,Karan,male,Germany,03-01-2024
793,Isha,,USA,07-02-2024
794,Isha,F,UK,10-01-2024
795,Karan,F,USA,10-02-2024
796,Amit,female,UK,10-02-2024
797,Amit,Male,UK,
798, aditya ,F,india,12-02-2024
799, priya ,F,UK,10-02-2024
800,Karan,F,Germany,15-02-2024
801,Amit,Male,,04-02-2024
802, isha ,F,,10-01-2024
803,Aditya,Female,U.S.A,01-03-2024
804,Neha,female,,16-01-2024
805,Sneha,Unknown,UK,19-01-2024
806,Priya,female,USA,10-01-2024
807, neha ,male,India,12-02-2024
808,Rahul,F,,20-01-2024
809,Priya,M,,13-01-2024
810,Aditya,Female,india,11-01-2024
811, amit ,M,UK,30-01-2024
812,Aditya,Male,,23-01-2024
813,Aditya,Male,USA,20-01-2024
814,Isha,male,U.S.A,21-01-2024
815,Isha,F,USA,03-02-2024
816,Karan,M,India,23-02-2024
817, rahul ,F,India,21-01-2024
818,Isha,Male,USA,28-02-2024
819,Rahul,M,India,04-01-2024
820, karan ,M,india,02-02-2024
821,Rahul,Female,Germany,25-02-2024
822,Aditya,M,,10-02-2024
823,Sneha,female,India,23-01-2024
824,Isha,M,india,
825, karan ,female,india,28-02-2024
826,Neha,female,,22-01-2024
827,Priya,male,USA,05-02-2024
828,Amit,Female,Germany,12-01-2024
829,Aditya,,India,08-02-2024
830,Rahul,F,UK,02-02-2024
831,Karan,M,,17-01-2024
832,Isha,male,,24-02-2024
833,Sneha,F,Germany,07-02-2024
833,Amit,,india,10-01-2024
835,Karan,female,U.S.A,04-02-2024
836,Aditya,female,U.S.A,12-01-2024
837,Sneha,female,India,11-02-2024
838, aditya ,Unknown,U.S.A,20-02-2024
839,Aditya,Female,india,19-01-2024
840,Karan,M,U.S.A,12-02-2024
841,Neha,Unknown,USA,20-01-2024
842,Sneha,Unknown,india,21-02-2024
843,Isha,F,USA,01-02-2024
844,Karan,male,,12-02-2024
845, aditya ,,Germany,25-01-2024
846,Isha,Female,Germany,07-01-2024
847, amit ,F,USA,21-02-2024
848, rahul ,female,,20-01-2024
849,Karan,female,USA,09-01-2024
850, priya ,M,Germany,29-01-2024
851,Isha,Unknown,India,17-02-2024
852,Karan,M,india,03-02-2024
853, priya ,Female,U.S.A,16-02-2024
854,Rahul,Female,UK,03-02-2024
855, rahul ,male,USA,27-02-2024
856,Isha,,U.S.A,25-01-2024
857, rahul ,Unknown,U.S.A,04-02-2024
858,Sneha,male,india,21-01-2024
859,Karan,Male,,08-02-2024
860,Priya,Unknown,U.S.A,25-01-2024
861,Priya,F,U.S.A,17-02-2024
862,Isha,,india,09-01-2024
863,Priya,female,india,29-02-2024
864,Karan,Male,U.S.A,
865, isha ,Male,USA,31-01-2024
866,Amit,male,India,17-01-2024
867, neha ,,india,19-01-2024
868, amit ,Unknown,,18-01-2024
869,Neha,F,India,02-02-2024
870,Isha,Male,India,26-01-2024
871,Karan,F,USA,02-02-2024
872,Aditya,,India,09-02-2024
873, amit ,Male,USA,19-02-2024
874, neha ,M,india,15-02-2024
875, rahul ,M,India,21-02-2024
876,Isha,F,india,30-01-2024
877,Neha,M,U.S.A,30-01-2024
878, priya ,Female,UK,12-02-2024
879, isha ,M,Germany,27-02-2024
880,Neha,Unknown,,17-01-2024
881, sneha ,F,USA,10-02-2024
882, priya ,Unknown,U.S.A,05-02-2024
883, isha ,Unknown,India,22-02-2024
884,Aditya,,India,06-01-2024
885,Karan,M,india,15-02-2024
886,Priya,male,USA,26-01-2024
887, neha ,Female,U.S.A,15-01-2024
888,Rahul,Unknown,U.S.A,21-02-2024
889, priya ,female,,07-01-2024
890,Sneha,Male,India,26-01-2024
891,Priya,M,,26-02-2024
892,Sneha,male,india,17-01-2024
893,Karan,Unknown,UK,21-01-2024
894,Neha,M,India,25-02-2024
895, sneha ,Unknown,UK,09-01-2024
895, karan ,M,Germany,07-02-2024
897, sneha ,male,U.S.A,06-01-2024
898,Isha,F,,08-01-2024
899,Amit,Unknown,U.S.A,31-01-2024
900,Isha,,Germany,31-01-2024
901,Aditya,F,,19-01-2024
902, amit ,,U.S.A,09-02-2024
903, priya ,male,U.S.A,09-01-2024
904, neha ,F,UK,21-02-2024
905,Isha,female,india,02-02-2024
905,Rahul,,,13-02-2024
907, rahul ,,U.S.A,09-02-2024
907, amit ,M,Germany,26-02-2024
909, sneha ,,UK,20-01-2024
910,Aditya,F,india,19-02-2024
911,Isha,M,USA,19-01-2024
912,Karan,,,18-02-2024
913, karan ,Female,UK,18-02-2024
914,Isha,Male,India,07-02-2024
915,Karan,Unknown,india,25-01-2024
916, neha ,Unknown,India,03-02-2024
917, amit ,Male,Germany,28-01-2024
918,Aditya,Unknown,,08-02-2024
919,Rahul,M,Germany,01-03-2024
920, isha ,male,India,08-01-2024
921,Karan,Female,,13-02-2024
922,Aditya,,U.S.A,01-02-2024
923,Sneha,Female,Germany,24-02-2024
924,Isha,male,UK,04-01-2024
925,Aditya,male,India,14-02-2024
926,Amit,M,USA,05-02-2024
927,Priya,Unknown,India,29-02-2024
928,Priya,male,U.S.A,08-01-2024
929,Aditya,male,USA,08-01-2024
930,Isha,F,UK,24-01-2024
931,Sneha,Male,USA,29-02-2024
932, amit ,M,USA,01-01-2024
933,Amit,,Germany,14-01-2024
934,Amit,Unknown,U.S.A,25-01-2024
935,Priya,Male,UK,12-02-2024
936,Isha,F,U.S.A,20-01-2024
937,Rahul,female,Germany,04-01-2024
938,Priya,male,India,11-02-2024
939, rahul ,male,U.S.A,04-02-2024
940,Rahul,F,,
941,Amit,Male,USA,18-02-2024
942, isha ,Male,,20-02-2024
943,Neha,,,21-01-2024
944,Karan,F,UK,26-02-2024
945,Sneha,male,USA,25-02-2024
946, rahul ,male,UK,11-01-2024
947, neha ,M,UK,19-01-2024
948,Amit,Unknown,,17-02-2024
948,Neha,Unknown,USA,29-01-2024
950,Amit,,india,15-02-2024
951,Karan,,India,31-01-2024
952,Isha,Female,india,26-01-2024
953,Sneha,F,,30-01-2024
954,Karan,Female,U.S.A,12-01-2024
955, karan ,Unknown,india,01-01-2024
956,Sneha,Female,India,03-02-2024
957, isha ,Unknown,U.S.A,04-01-2024
958,Sneha,Male,U.S.A,04-02-2024
959, aditya ,M,U.S.A,26-01-2024
960,Rahul,Female,U.S.A,16-01-2024
961, amit ,F,Germany,31-01-2024
962,Priya,,UK,15-01-2024
963,Neha,F,,29-02-2024
964, neha ,female,USA,04-02-2024
965, karan ,Male,India,01-02-2024
966, rahul ,,Germany,07-02-2024
967,Priya,Female,India,01-01-2024
968,Sneha,Female,UK,14-01-2024
969,Sneha,Female,India,25-01-2024
970,Karan,Male,UK,06-01-2024
971,Priya,Female,india,20-02-2024
972,Karan,Female,USA,07-02-2024
973,Amit,male,U.S.A,18-01-2024
974, amit ,male,India,16-02-2024
975,Sneha,M,USA,28-02-2024
976,Aditya,Female,india,03-02-2024
977, karan ,Female,U.S.A,16-02-2024
978,Isha,Female,India,15-02-2024
979,Karan,Unknown,U.S.A,24-01-2024
980,Amit,F,india,18-02-2024
981,Aditya,female,U.S.A,03-01-2024
982,Rahul,Female,India,18-01-2024
983,Neha,Female,Germany,17-01-2024
984,Priya,Female,,21-02-2024
985,Isha,Unknown,Germany,26-01-2024
986,Karan,Male,U.S.A,10-02-2024
987,Karan,M,Germany,
988,Sneha,female,UK,01-03-2024
989,Aditya,M,UK,31-01-2024
990, amit ,F,U.S.A,15-01-2024
991,Priya,Unknown,USA,03-02-2024
992,Karan,Unknown,U.S.A,18-01-2024
993,Neha,,,13-01-2024
994,Amit,M,USA,15-02-2024
995, aditya ,M,Germany,26-01-2024
996, karan ,M,USA,23-01-2024
997,Amit,Unknown,India,01-03-2024
998,Priya,F,Germany,15-01-2024
999, rahul ,,Germany,01-01-2024
1000,Aditya,Unknown,india,14-01-2024
1001,Neha,male,,27-01-2024
1002, isha ,Unknown,USA,25-02-2024
1003,Isha,Male,U.S.A,22-02-2024
1004,Neha,F,UK,21-01-2024
1005, neha ,female,India,21-01-2024
1005, priya ,Male,UK,30-01-2024
1007,Priya,male,USA,27-02-2024
1008,Amit,Unknown,UK,29-01-2024
1009,Isha,male,,09-02-2024
1010,Sneha,female,U.S.A,20-01-2024
1011,Aditya,,UK,29-01-2024
1012,Aditya,Female,U.S.A,19-01-2024
1013,Rahul,Male,India,27-01-2024
1014,Amit,male,Germany,18-02-2024
1015, priya ,Unknown,Germany,01-01-2024
1016,Aditya,Male,U.S.A,12-01-2024
1017,Karan,F,india,05-02-2024
1018,Aditya,Male,USA,04-02-2024
1019,Amit,Male,Germany,22-01-2024
1020,Isha,female,India,03-02-2024
1021,Rahul,M,India,08-01-2024
1022,Karan,male,India,
1023,Neha,,UK,05-01-2024
1024,Sneha,F,India,08-01-2024
1025,Karan,Unknown,USA,01-02-2024
1026,Priya,Unknown,U.S.A,06-02-2024
1027,Neha,male,india,06-01-2024
1028, neha ,M,U.S.A,05-01-2024
1029, amit ,Female,India,17-02-2024
1030,Neha,female,U.S.A,26-02-2024
1031, karan ,male,Germany,24-02-2024
1032,Isha,F,india,23-01-2024
1033,Rahul,Unknown,Germany,09-01-2024
1034, sneha ,Female,India,12-01-2024
1035,Isha,male,U.S.A,20-02-2024
1036,Isha,Male,india,06-02-2024
1037, sneha ,Male,,17-01-2024
1038,Sneha,female,India,
1039,Isha,F,UK,09-02-2024
1040,Rahul,female,,26-02-2024
1041,Aditya,M,U.S.A,22-02-2024
1042,Priya,,India,18-01-2024
1043, rahul ,male,Germany,25-02-2024
1044,Neha,F,U.S.A,16-01-2024
1045,Priya,F,Germany,23-02-2024
1046, neha ,Unknown,,19-01-2024
1047,Aditya,,UK,23-02-2024
1048, karan ,M,india,
1049, sneha ,F,U.S.A,
1050, amit ,Female,india,20-02-2024
1051, neha ,Male,india,05-01-2024
1052, priya ,M,india,13-02-2024
1053,Priya,male,India,04-01-2024
1054,Aditya,male,,02-02-2024
1055,Sneha,M,Germany,01-03-2024
1056,Isha,Unknown,U.S.A,21-02-2024
1057,Rahul,Male,UK,29-01-2024
1058, priya ,female,UK,24-02-2024
1059, rahul ,Female,U.S.A,17-02-2024
1060, rahul ,,India,
1060, isha ,Male,U.S.A,15-02-2024
1062,Isha,Male,Germany,28-02-2024
1063,Aditya,F,Germany,
1064, aditya ,Male,India,27-01-2024
1065,Amit,Female,,14-02-2024
1066, sneha ,,india,02-02-2024
1067,Isha,Male,india,24-01-2024
1068,Rahul,M,USA,03-02-2024
1069, rahul ,Male,U.S.A,17-01-2024
1070, rahul ,female,U.S.A,02-01-2024
1071, neha ,F,U.S.A,26-01-2024
1072,Aditya,Unknown,India,08-02-2024
1073,Sneha,,U.S.A,24-01-2024
1074,Aditya,F,,05-01-2024
1075,Neha,Male,U.S.A,29-02-2024
1076, isha ,,India,04-02-2024
1077,Aditya,Female,U.S.A,04-02-2024
1078, amit ,Male,U.S.A,23-01-2024
1079, sneha ,,,14-01-2024
1080,Karan,Female,USA,14-02-2024
1081,Amit,Female,UK,07-02-2024
1082,Priya,Unknown,U.S.A,
1083,Karan,M,india,11-01-2024
1084,Priya,,USA,03-02-2024
1085,Neha,,India,18-02-2024
1086, isha ,,india,26-02-2024
1087,Amit,female,,16-02-2024
1088,Neha,M,Germany,15-01-2024
1089, priya ,Male,,26-02-2024
1090,Sneha,male,India,07-01-2024
1091, amit ,Unknown,USA,26-01-2024
1092,Amit,female,USA,12-01-2024
1093,Karan,Unknown,India,28-02-2024
1094,Rahul,F,Germany,01-02-2024
1095,Neha,F,UK,08-02-2024
1096,Priya,Male,,31-01-2024
1097,Priya,male,USA,29-01-2024
1098,Amit,F,UK,13-02-2024
1099,Amit,,india,17-01-2024
1100,Amit,F,india,29-01-2024
1101,Karan,Unknown,,01-01-2024
1102,Karan,M,UK,13-02-2024
1103,Karan,Female,USA,14-01-2024
1104,Aditya,,USA,26-02-2024
1105, neha ,female,U.S.A,28-02-2024
1106, aditya ,Unknown,India,09-01-2024
1107,Isha,Unknown,Germany,11-01-2024
1108,Rahul,F,U.S.A,16-01-2024
1109, neha ,M,Germany,02-01-2024
1110,Neha,Unknown,India,17-01-2024
1111,Aditya,Male,UK,14-02-2024
1112,Isha,Male,UK,01-02-2024
1113,Sneha,Female,U.S.A,27-02-2024
1114,Amit,Male,USA,31-01-2024
1115,Karan,Unknown,,08-01-2024
1116, karan ,,,
1117,Karan,,,23-01-2024
1118,Priya,F,UK,15-02-2024
1119,Isha,male,Germany,09-01-2024
1120,Isha,,,28-02-2024
1121,Isha,male,UK,22-02-2024
1122,Isha,M,,19-01-2024
1123,Amit,Female,U.S.A,08-01-2024
1124, isha ,Female,USA,27-02-2024
1125,Priya,,U.S.A,13-01-2024
1125,Karan,M,,23-02-2024
1127, karan ,M,U.S.A,02-02-2024
1128,Aditya,F,U.S.A,05-02-2024
1129,Aditya,Male,india,16-02-2024
1130,Priya,F,india,26-02-2024
1131, priya ,female,USA,13-01-2024
1132,Sneha,,india,25-01-2024
1133,Neha,Male,U.S.A,26-01-2024
1134,Neha,,India,16-01-2024
1135,Amit,male,Germany,22-01-2024
1136,Rahul,Male,USA,03-01-2024
1137,Rahul,Female,UK,03-02-2024
1138, rahul ,Male,,12-02-2024
1139,Rahul,female,,27-02-2024
1140,Amit,Female,India,02-02-2024
1141, aditya ,male,Germany,18-01-2024
1142,Isha,F,UK,26-01-2024
1143,Amit,male,UK,03-01-2024
1144,Rahul,Unknown,Germany,12-01-2024
1145, sneha ,Female,India,21-01-2024
1146,Rahul,,India,19-02-2024
1147,Aditya,,USA,29-01-2024
1148, neha ,F,U.S.A,13-01-2024
1149,Rahul,male,U.S.A,28-01-2024
1150,Karan,Unknown,Germany,27-02-2024
1150,Karan,male,,11-01-2024
1152,Sneha,male,India,22-02-2024
1153, priya ,,India,04-02-2024
1154,Priya,,India,07-01-2024
1155, karan ,F,Germany,18-01-2024
1156,Sneha,Male,India,02-02-2024
1157,Sneha,M,India,18-01-2024
1158, neha ,M,Germany,22-02-2024
1159,Neha,F,UK,25-01-2024
1160,Sneha,Female,U.S.A,09-01-2024
1161,Neha,Female,india,18-02-2024
1162,Amit,male,U.S.A,25-01-2024
1163,Isha,female,India,10-01-2024
1164,Neha,F,UK,17-01-2024
1165, sneha ,F,U.S.A,26-02-2024
1166, karan ,Male,UK,03-02-2024
1167,Sneha,,USA,21-01-2024
1168,Isha,,UK,26-02-2024
1169,Rahul,,India,07-01-2024
1170,Karan,Unknown,India,14-02-2024
1171,Isha,M,USA,16-02-2024
1172,Karan,Female,,12-02-2024
1173,Priya,female,UK,01-03-2024
1174,Amit,female,India,13-02-2024
1175,Isha,Female,,27-02-2024
1176, rahul ,female,U.S.A,05-02-2024
1177,Karan,Male,,14-01-2024
1178,Rahul,,Germany,25-01-2024
1179, aditya ,Female,India,
1180,Priya,male,USA,25-02-2024
1181,Neha,female,USA,26-01-2024
1182,Karan,Male,India,28-01-2024
1183,Amit,,U.S.A,20-02-2024
1184,Sneha,male,U.S.A,01-02-2024
1185,Priya,,USA,03-01-2024
1186, isha ,female,U.S.A,19-01-2024
1187,Karan,M,U.S.A,23-01-2024
1188, amit ,Male,Germany,05-02-2024
1189,Sneha,Male,UK,29-02-2024
1190,Amit,female,,04-01-2024
1191,Neha,Female,Germany,15-01-2024
1192, karan ,M,,17-02-2024
1193,Karan,Male,India,29-01-2024
1194,Neha,,,
1195,Rahul,F,india,22-01-2024
1196,Amit,,India,24-01-2024
1197, karan ,Unknown,,04-02-2024
1198,Amit,Unknown,,21-01-2024
1199, priya ,F,UK,11-01-2024
1200,Rahul,F,U.S.A,17-02-2024
1201,Amit,Female,india,11-02-2024
1202,Neha,Male,,08-01-2024
1203,Karan,Unknown,UK,11-02-2024
1204,Priya,Unknown,USA,17-02-2024
1205,Neha,,India,
1206,Karan,Unknown,U.S.A,29-02-2024
1207, priya ,Unknown,USA,28-01-2024
1208,Amit,,UK,12-02-2024
1209, rahul ,,Germany,29-01-2024
1210,Neha,Male,UK,15-01-2024
1211,Aditya,Unknown,India,21-02-2024
1211, karan ,,Germany,19-02-2024
1213,Isha,Female,U.S.A,30-01-2024
1214, aditya ,F,Germany,06-01-2024
1215,Isha,male,India,01-03-2024
1216, amit ,male,,12-01-2024
1217, karan ,Female,U.S.A,04-01-2024
1218,Amit,female,UK,25-02-2024
1219,Karan,female,India,06-02-2024
1220, aditya ,Unknown,USA,07-02-2024
1221, neha ,,india,01-03-2024
1222,Priya,Male,U.S.A,
1222,Amit,male,,06-02-2024
1224,Karan,Male,UK,18-01-2024
1225, isha ,F,Germany,23-02-2024
1226,Neha,Unknown,India,21-02-2024
1227,Isha,Unknown,U.S.A,06-02-2024
1228,Sneha,male,U.S.A,23-01-2024
1229,Amit,male,Germany,08-02-2024
1230,Rahul,Unknown,U.S.A,27-02-2024
1231,Sneha,Female,india,22-01-2024
1232,Neha,F,UK,
1233,Neha,male,Germany,22-02-2024
1234, priya ,,india,
1235,Rahul,female,india,07-01-2024
1236,Sneha,female,USA,02-02-2024
1237,Isha,Male,UK,08-01-2024
1238,Amit,M,UK,11-01-2024
1239,Sneha,male,India,25-01-2024
1240,Aditya,Male,,02-01-2024
1241,Aditya,male,India,26-02-2024
1242,Priya,,USA,10-02-2024
1243,Amit,Unknown,UK,26-02-2024
1244,Sneha,female,Germany,06-02-2024
1245,Amit,Unknown,UK,26-02-2024
1246,Isha,Female,Germany,18-01-2024
1247,Aditya,female,india,28-02-2024
1248,Sneha,male,india,18-02-2024
1249,Rahul,M,india,27-01-2024
1250,Sneha,female,Germany,18-01-2024
1251,Amit,F,india,01-03-2024
1252, rahul ,female,UK,24-02-2024
1253, neha ,Male,india,15-01-2024
1254,Amit,F,india,02-01-2024
1255, rahul ,,,
1256,Isha,F,UK,16-02-2024
1257,Neha,female,india,
1258, priya ,,USA,26-02-2024
1259, karan ,,Germany,17-02-2024
1260,Aditya,M,UK,04-01-2024
1261, aditya ,Female,USA,01-01-2024
1262, sneha ,Female,india,01-01-2024
1263,Isha,M,UK,24-02-2024
1264,Sneha,M,U.S.A,10-02-2024
1265,Rahul,F,Germany,24-01-2024
1266,Amit,,india,07-01-2024
1267,Aditya,F,U.S.A,30-01-2024
1268, sneha ,F,india,14-02-2024
1269,Sneha,female,Germany,23-01-2024
1270, isha ,female,,
1271,Priya,M,USA,04-02-2024
1272,Rahul,male,India,09-01-2024
1273,Sneha,F,India,18-01-2024
1274, sneha ,M,UK,17-02-2024
1275,Karan,male,U.S.A,17-02-2024
1276, neha ,Female,U.S.A,22-01-2024
1277,Rahul,Unknown,UK,05-01-2024
1278,Neha,,UK,04-01-2024
1279,Sneha,,,03-02-2024
1280,Karan,M,,12-02-2024
1281, sneha ,Male,india,29-02-2024
1282,Isha,male,,21-02-2024
1283,Amit,male,,02-01-2024
1284, amit ,female,india,14-01-2024
1285,Priya,F,india,
1286,Amit,Female,Germany,23-01-2024
1287, sneha ,Female,USA,21-02-2024
1288,Karan,F,,14-02-2024
1289,Aditya,Unknown,U.S.A,25-01-2024
1290,Sneha,female,,24-01-2024
1291, rahul ,female,UK,01-03-2024
1292,Priya,,USA,31-01-2024
1292,Isha,Male,USA,08-01-2024
1294, isha ,female,,10-02-2024
1295,Neha,Female,Germany,04-01-2024
1296,Karan,F,,04-01-2024
1297,Sneha,Female,,11-02-2024
1298, priya ,male,,14-02-2024
1299, sneha ,Female,USA,13-02-2024
1300,Aditya,Male,india,01-03-2024
1301,Sneha,Unknown,India,17-01-2024
1302,Isha,female,UK,02-01-2024
1303,Priya,F,India,
1304,Amit,female,,24-01-2024
1305,Isha,male,U.S.A,19-01-2024
1306,Priya,F,USA,01-03-2024
1306,Priya,,,16-02-2024
1308, sneha ,,India,27-02-2024
1309, neha ,Male,USA,15-01-2024
1310,Neha,Unknown,USA,29-01-2024
1311,Sneha,female,Germany,17-02-2024
1312,Priya,,Germany,28-02-2024
1313,Priya,female,,25-02-2024
1314,Karan,male,Germany,12-02-2024
1315, neha ,female,U.S.A,15-02-2024
1316,Amit,female,India,01-02-2024
1317, priya ,,India,29-01-2024
1318, isha ,Female,india,17-02-2024
1319,Karan,M,india,19-02-2024
1320,Priya,Male,U.S.A,14-02-2024
1321, isha ,female,Germany,10-01-2024
1322,Aditya,F,Germany,06-01-2024
1323,Karan,,Germany,05-02-2024
1324,Sneha,M,UK,07-02-2024
1325,Rahul,,USA,07-01-2024
1326,Neha,Male,India,24-02-2024
1327,Karan,Male,USA,
1328,Karan,Male,USA,08-01-2024
1329,Neha,,india,03-01-2024
1330,Amit,F,India,15-02-2024
1331,Aditya,male,india,06-02-2024
1332,Isha,Male,Germany,06-02-2024
1333,Karan,Unknown,Germany,12-02-2024
1334,Sneha,female,USA,15-01-2024
1335,Rahul,Female,India,21-02-2024
1336,Aditya,Female,USA,30-01-2024
1337, isha ,Male,UK,02-01-2024
1338,Rahul,female,Germany,04-01-2024
1339,Isha,M,USA,20-01-2024
1340,Karan,Female,Germany,17-01-2024
1341, isha ,male,,13-02-2024
1342,Sneha,Female,india,18-01-2024
1343, aditya ,Unknown,india,15-02-2024
1344, amit ,female,india,09-02-2024
1345,Rahul,,USA,15-02-2024
1346,Karan,male,,17-02-2024
1347,Isha,F,india,31-01-2024
1348,Neha,Male,india,19-01-2024
1349,Karan,Unknown,India,20-02-2024
1350,Priya,F,Germany,09-02-2024
1351,Aditya,male,U.S.A,01-01-2024
1352,Aditya,F,Germany,06-02-2024
1353, amit ,Male,U.S.A,14-01-2024
1354,Rahul,Female,UK,10-01-2024
1355, karan ,F,UK,01-02-2024
1356,Rahul,female,,11-02-2024
1357,Neha,female,Germany,19-02-2024
1358, neha ,Female,india,23-01-2024
1359, sneha ,male,U.S.A,30-01-2024
1360,Priya,female,U.S.A,03-02-2024
1361,Amit,Unknown,,19-02-2024
1362,Sneha,Male,India,02-02-2024
1363, isha ,male,India,11-02-2024
1364,Aditya,male,India,24-01-2024
1365, sneha ,F,UK,28-01-2024
1366,Rahul,M,india,09-02-2024
1367,Sneha,Female,UK,01-03-2024
1368,Amit,Female,UK,18-01-2024
1369,Priya,M,india,03-02-2024
1370,Karan,,india,14-01-2024
1371,Priya,Unknown,U.S.A,06-01-2024
1372,Neha,male,UK,16-01-2024
1373, rahul ,female,UK,16-02-2024
1374,Amit,Unknown,USA,05-02-2024
1375,Amit,male,India,12-02-2024
1376,Aditya,Unknown,UK,06-02-2024
1377,Amit,M,Germany,15-01-2024
1378,Priya,Unknown,UK,17-02-2024
1379,Sneha,Male,India,16-01-2024
1380,Karan,F,UK,14-01-2024
1381, isha ,Female,U.S.A,13-01-2024
1382,Sneha,Female,UK,31-01-2024
1383, isha ,male,Germany,25-01-2024
1384, karan ,,india,09-01-2024
1385,Priya,Female,UK,
1386,Isha,Male,USA,28-02-2024
1387,Karan,,Germany,20-01-2024
1388,Sneha,,india,02-01-2024
1389,Priya,male,India,21-01-2024
1390, isha ,female,UK,01-03-2024
1391, priya ,,india,22-01-2024
1392,Amit,male,USA,
1393,Neha,male,UK,26-02-2024
1394,Isha,female,india,24-01-2024
1395,Sneha,female,India,08-01-2024
1396,Aditya,Female,UK,12-01-2024
1397,Rahul,M,india,12-02-2024
1398,Amit,F,Germany,10-01-2024
1399,Isha,M,UK,10-01-2024
1400,Rahul,,,08-01-2024
1401,Amit,,Germany,01-01-2024
1402, aditya ,Unknown,U.S.A,05-01-2024
1403,Rahul,Female,,29-01-2024
1404, rahul ,female,USA,24-01-2024
1405,Karan,male,india,10-02-2024
1406,Aditya,Female,Germany,06-01-2024
1407, karan ,Unknown,India,14-02-2024
1407,Sneha,,UK,25-01-2024
1409, karan ,F,india,20-01-2024
1410,Neha,Female,india,28-02-2024
1411, amit ,M,,26-02-2024
1412, amit ,male,Germany,11-02-2024
1413,Priya,M,U.S.A,16-02-2024
1414,Neha,F,USA,06-01-2024
1415, priya ,,india,25-01-2024
1416,Amit,Female,India,24-01-2024
1417,Amit,Unknown,U.S.A,07-01-2024
1418,Priya,male,USA,13-01-2024
1419,Neha,M,Germany,28-01-2024
1420, karan ,Unknown,USA,21-02-2024
1421,Amit,Male,,
1422,Priya,Unknown,U.S.A,11-02-2024
1423,Isha,Female,India,19-02-2024
1424,Priya,Male,India,03-02-2024
1425,Amit,Male,india,14-01-2024
1426,Karan,Male,USA,03-01-2024
1427,Neha,female,,18-02-2024
1428, neha ,F,,04-02-2024
1429,Sneha,female,Germany,08-02-2024
1430, rahul ,male,USA,25-02-2024
1431,Karan,male,india,
1432,Priya,,USA,01-02-2024
1433, priya ,female,india,29-02-2024
1434, neha ,Male,Germany,25-02-2024
1435,Karan,,Germany,31-01-2024
1436,Karan,F,U.S.A,04-01-2024
1437,Karan,F,Germany,03-02-2024
1438,Amit,F,USA,01-02-2024
1439,Isha,Male,U.S.A,22-01-2024
1440,Sneha,Unknown,Germany,12-02-2024
1441, rahul ,Female,India,
1442,Karan,M,USA,11-01-2024
1443,Rahul,F,Germany,05-02-2024
1443,Karan,M,,20-02-2024
1445, priya ,F,India,28-01-2024
1446,Aditya,Female,india,18-02-2024
1447, amit ,,UK,06-01-2024
1448,Karan,,,24-01-2024
1449, aditya ,,U.S.A,28-01-2024
1450,Neha,Unknown,India,23-01-2024
1451,Sneha,,,15-01-2024
1452,Sneha,Female,india,06-02-2024
1453,Neha,Female,,12-02-2024
1454,Aditya,female,UK,11-02-2024
1455,Karan,male,USA,21-01-2024
1456, isha ,Female,USA,03-02-2024
1457,Isha,Male,USA,13-02-2024
1458,Isha,,India,29-02-2024
1459,Neha,,U.S.A,02-01-2024
1460, rahul ,female,india,23-02-2024
1461, rahul ,male,,07-01-2024
1462, isha ,female,UK,13-01-2024
1463,Neha,M,USA,28-02-2024
1464, amit ,Unknown,India,15-02-2024
1465, isha ,,Germany,26-01-2024
1466, isha ,Male,Germany,01-01-2024
1467,Rahul,M,India,05-02-2024
1468,Isha,F,USA,18-01-2024
1469,Isha,female,,25-02-2024
1470,Rahul,F,India,16-01-2024
1471, isha ,Female,india,
1472,Rahul,female,USA,07-02-2024
1473, karan ,female,U.S.A,26-01-2024
1474, sneha ,male,India,10-01-2024
1475,Neha,female,U.S.A,11-01-2024
1476, rahul ,male,UK,10-02-2024
1477,Rahul,M,UK,19-02-2024
1478,Sneha,M,India,03-01-2024
1479,Amit,F,,24-02-2024
1480, aditya ,Male,,03-02-2024
1481,Isha,F,India,20-01-2024
1482, karan ,Female,UK,20-02-2024
1483,Priya,M,USA,14-02-2024
1484,Isha,female,Germany,25-01-2024
1485,Neha,male,India,12-01-2024
1486, aditya ,female,India,15-01-2024
1487,Rahul,male,UK,13-01-2024
1488,Rahul,female,India,12-01-2024
1489,Amit,male,USA,29-02-2024
1490, aditya ,Unknown,,02-01-2024
1491,Isha,Unknown,U.S.A,
1492,Amit,,India,06-02-2024
1493, sneha ,male,India,08-02-2024
1494,Sneha,M,india,28-02-2024
1495,Karan,M,india,20-01-2024
1496, isha ,Male,india,18-01-2024
1497,Neha,,India,18-02-2024
1498, amit ,male,India,
1499,Neha,M,UK,10-01-2024
1500,Amit,Male,Germany,14-02-2024
