user_id,name,email,signup_date,country,device
U1,Karan Verma,user1@gmail.com,2023-04-22,UK,
U2,Amit Sharma,user2@gmail.com,2023-10-28,Germany,
U3,Neha Patel,user3@gmail.com,2023-11-16,US,
U4,Priya Singh,user4@gmail.com,2023-11-03,Germany,Android
U5,Sneha Kapoor,user5@gmail.com,2023-02-14,Germany,Android
U6,Priya Mehta,user6@gmail.com,2023-11-06,india,Web
U7,Rahul Mehta,user7@gmail.com,2023-04-05,US,iOS
U8,Amit Kapoor,user8@gmail.com,2023-05-14,US,
U9,Isha Verma,user9@gmail.com,2023-08-01,US,iOS
U10,Isha Sharma,user10@gmail.com,2023-09-15,Germany,iOS
U11,Rahul Mehta,user11@gmail.com,2023-09-21,UK,Web
U12,Amit Sharma,user12@gmail.com,2023-05-06,US,
U13,Neha Nair,user13@gmail.com,2023-05-16,,
U14,Karan Mehta,user14@gmail.com,2023-07-23,Germany,web
U15,Arjun Verma,user15@gmail.com,2023-01-03,india,iOS
U16,Sneha Sharma,user16@gmail.com,2023-06-15,UK,iOS
U17,Neha Verma,user17@gmail.com,2023-05-27,,Android
U18,Rahul Verma,user18@gmail.com,2023-02-05,,web
U19,Neha Singh,user19@gmail.com,2023-10-07,india,Android
U20,Sneha Sharma,user20@gmail.com,2023-02-10,UK,Android
U21,Neha Nair,user21@gmail.com,2023-01-14,Germany,Android
U22,Sneha Sharma,user22@gmail.com,2023-11-07,India,Web
U23,Sneha Rao,user23@gmail.com,2023-07-26,UK,Web
U24,Neha Singh,user24@gmail.com,2023-12-07,india,Android
U25,Amit Mehta,user25@gmail.com,2023-07-26,,web
U26,Amit Sharma,user26@gmail.com,2023-07-17,Germany,iOS
U27,Rahul Nair,user27@gmail.com,2023-09-12,UK,web
U28,Isha Verma,user28@gmail.com,2023-04-17,India,
U29,Isha Kapoor,user29@gmail.com,2023-09-24,India,Web
U30,Arjun Singh,user30@gmail.com,2023-03-15,US,iOS
U31,Priya Mehta,user31@gmail.com,2023-10-05,US,iOS
U32,Neha Nair,user32@gmail.com,2023-02-17,india,
U33,Isha Singh,user33@gmail.com,2023-09-25,UK,
U34,Amit Verma,user34@gmail.com,2023-05-12,UK,Android
U35,Isha Mehta,user35@gmail.com,2023-12-26,,Web
U36,Rahul Patel,user36@gmail.com,2023-03-12,,Web
U37,Arjun Kapoor,user37@gmail.com,2023-04-20,,web
U38,Karan Singh,user38@gmail.com,2023-08-13,US,Android
U39,Priya Verma,user39@gmail.com,2023-11-15,UK,Android
U40,Neha Verma,user40@gmail.com,2023-10-08,UK,Android
U41,Karan Rao,user41@gmail.com,2023-03-17,India,Android
U42,Isha Kapoor,user42@gmail.com,2023-12-12,US,Web
U43,Amit Singh,user43@gmail.com,2023-09-11,Germany,Web
U44,Karan Rao,user44@gmail.com,2023-03-15,US,Android
U45,Priya Patel,user45@gmail.com,2023-10-01,Germany,web
U46,Priya Kapoor,user46@gmail.com,2023-11-08,India,iOS
U47,Amit Nair,user47@gmail.com,2023-01-03,india,iOS
U48,Amit Rao,user48@gmail.com,2023-11-01,UK,web
U49,Isha Kapoor,user49@gmail.com,2023-01-03,India,Android
U50,Amit Nair,user50@gmail.com,2023-10-17,UK,Web
U51,Neha Patel,user51@gmail.com,2023-03-06,,iOS
U52,Amit Mehta,user52@gmail.com,2023-09-25,india,
U53,Sneha Patel,user53@gmail.com,2023-02-25,india,
U54,Rahul Rao,user54@gmail.com,2023-03-04,India,web
U55,Amit Kapoor,user55@gmail.com,2023-01-17,india,Android
U56,Arjun Singh,user56@gmail.com,2023-07-21,Germany,iOS
U57,Isha Kapoor,user57@gmail.com,2023-10-14,india,Android
U58,Karan Verma,user58@gmail.com,2023-08-18,UK,iOS
U59,Neha Nair,user59@gmail.com,2023-01-29,UK,web
U60,Rahul Patel,user60@gmail.com,2023-01-10,UK,web
U61,Sneha Kapoor,user61@gmail.com,2023-08-18,UK,
U62,Isha Patel,user62@gmail.com,2023-06-30,Germany,Android
U63,Neha Verma,user63@gmail.com,2023-02-23,US,
U64,Priya Rao,user64@gmail.com,2023-02-28,,Android
U65,Isha Rao,user65@gmail.com,2023-11-03,India,
U66,Rahul Verma,user66@gmail.com,2023-09-04,UK,Web
U67,Isha Mehta,user67@gmail.com,2023-01-28,india,Web
U68,Sneha Nair,user68@gmail.com,2023-12-26,UK,Web
U69,Rahul Sharma,user69@gmail.com,2023-10-30,india,Web
U70,Sneha Rao,user70@gmail.com,2023-12-12,,iOS
U71,Rahul Nair,user71@gmail.com,2023-11-18,,Web
U72,Priya Nair,user72@gmail.com,2023-08-27,,web
U73,Priya Singh,user73@gmail.com,2023-02-04,india,web
U74,Sneha Verma,user74@gmail.com,2023-05-30,UK,iOS
U75,Neha Kapoor,user75@gmail.com,2023-12-03,,Web
U76,Priya Singh,user76@gmail.com,2023-03-07,Germany,Web
U77,Karan Patel,user77@gmail.com,2023-10-25,india,Web
U78,Karan Singh,user78@gmail.com,2023-09-17,india,
U79,Sneha Patel,user79@gmail.com,2023-09-05,UK,Android
U80,Sneha Patel,user80@gmail.com,2023-09-30,india,
U81,Karan Mehta,user81@gmail.com,2023-06-01,india,Android
U82,Rahul Rao,user82@gmail.com,2023-06-19,,Web
U83,Amit Patel,user83@gmail.com,2023-12-31,UK,Web
U84,Priya Nair,user84@gmail.com,2023-12-20,,
U85,Amit Singh,user85@gmail.com,2023-06-03,,
U86,Amit Verma,user86@gmail.com,2023-07-01,UK,Android
U87,Sneha Nair,user87@gmail.com,2023-02-22,India,web
U88,Priya Kapoor,user88@gmail.com,2023-05-26,,Android
U89,Karan Mehta,user89@gmail.com,2023-01-23,Germany,
U90,Neha Nair,user90@gmail.com,2023-09-03,Germany,
U91,Isha Mehta,user91@gmail.com,2023-02-26,india,iOS
U92,Priya Verma,user92@gmail.com,2023-04-07,Germany,
U93,Rahul Patel,user93@gmail.com,2023-06-29,india,iOS
U94,Isha Patel,user94@gmail.com,2023-04-16,India,web
U95,Priya Singh,user95@gmail.com,2023-05-23,UK,Android
U96,Arjun Mehta,user96@gmail.com,2023-03-06,UK,Android
U97,Arjun Mehta,user97@gmail.com,2023-10-22,UK,iOS
U98,Arjun Nair,user98@gmail.com,2023-05-29,Germany,Android
U99,Amit Verma,user99@gmail.com,2023-08-24,India,
U100,Karan Nair,user100@gmail.com,2023-08-20,Germany,Web
U101,Karan Rao,user101@gmail.com,2023-05-26,Germany,iOS
U102,Priya Sharma,user102@gmail.com,2023-05-28,India,Android
U103,Amit Verma,user103@gmail.com,2023-07-04,India,iOS
U104,Arjun Verma,user104@gmail.com,2023-08-07,India,iOS
U105,Karan Patel,user105@gmail.com,2023-10-30,India,Web
U106,Sneha Mehta,user106@gmail.com,2023-08-07,UK,
U107,Karan Mehta,user107@gmail.com,2023-05-23,US,iOS
U108,Sneha Nair,user108@gmail.com,2023-02-25,US,Android
U109,Isha Rao,user109@gmail.com,2023-02-23,India,web
U110,Karan Kapoor,user110@gmail.com,2023-06-11,US,iOS
U111,Neha Patel,user111@gmail.com,2023-01-01,US,iOS
U112,Karan Sharma,user112@gmail.com,2023-06-29,India,Web
U113,Sneha Patel,user113@gmail.com,2023-07-29,US,
U114,Sneha Nair,user114@gmail.com,2023-04-26,Germany,web
U115,Sneha Nair,user115@gmail.com,2023-12-15,india,Android
U116,Isha Nair,user116@gmail.com,2023-06-20,india,web
U117,Arjun Singh,user117@gmail.com,2023-12-18,India,Android
U118,Isha Kapoor,user118@gmail.com,2023-02-13,UK,
U119,Neha Mehta,user119@gmail.com,2023-12-31,India,Android
U120,Sneha Rao,user120@gmail.com,2023-09-10,UK,Web
U121,Sneha Mehta,user121@gmail.com,2023-04-04,india,Web
U122,Isha Nair,user122@gmail.com,2023-04-27,India,Web
U123,Rahul Singh,user123@gmail.com,2023-08-13,,Web
U124,Sneha Rao,user124@gmail.com,2023-12-10,Germany,web
U125,Neha Mehta,user125@gmail.com,2023-09-23,US,
U126,Amit Rao,user126@gmail.com,2023-08-31,UK,Android
U127,Rahul Sharma,user127@gmail.com,2023-01-22,,Android
U128,Neha Verma,user128@gmail.com,2023-03-26,US,Web
U129,Karan Kapoor,user129@gmail.com,2023-11-14,US,Web
U130,Neha Nair,user130@gmail.com,2023-01-01,India,iOS
U131,Karan Verma,user131@gmail.com,2023-08-23,US,
U132,Priya Singh,user132@gmail.com,2023-09-24,Germany,web
U133,Priya Singh,user133@gmail.com,2023-06-04,,Android
U134,Priya Nair,user134@gmail.com,2023-02-08,US,iOS
U135,Neha Sharma,user135@gmail.com,2023-05-13,India,iOS
U136,Sneha Patel,user136@gmail.com,2023-02-02,Germany,Android
U137,Sneha Mehta,user137@gmail.com,2023-02-28,india,web
U138,Neha Mehta,user138@gmail.com,2023-01-10,,iOS
U139,Arjun Rao,user139@gmail.com,2023-10-23,US,iOS
U140,Sneha Sharma,user140@gmail.com,2023-04-10,India,
U141,Karan Patel,user141@gmail.com,2023-09-02,india,web
U142,Isha Nair,user142@gmail.com,2023-08-17,india,iOS
U143,Neha Kapoor,user143@gmail.com,2023-05-09,UK,web
U144,Isha Mehta,user144@gmail.com,2023-05-06,Germany,Android
U145,Isha Verma,user145@gmail.com,2023-01-13,US,Web
U146,Sneha Verma,user146@gmail.com,2023-10-29,India,iOS
U147,Amit Nair,user147@gmail.com,2023-10-21,UK,
U148,Neha Verma,user148@gmail.com,2023-08-25,Germany,Android
U149,Sneha Sharma,user149@gmail.com,2023-03-11,UK,web
U150,Rahul Patel,user150@gmail.com,2023-02-28,,Android
U151,Isha Singh,user151@gmail.com,2023-04-21,Germany,iOS
U152,Isha Singh,user152@gmail.com,2023-09-19,Germany,web
U153,Rahul Kapoor,user153@gmail.com,2023-12-02,US,Web
U154,Priya Mehta,user154@gmail.com,2023-05-10,Germany,Android
U155,Sneha Mehta,user155@gmail.com,2023-10-21,UK,iOS
U156,Sneha Verma,user156@gmail.com,2023-12-24,Germany,
U157,Sneha Sharma,user157@gmail.com,2023-10-24,US,web
U158,Rahul Rao,user158@gmail.com,2023-03-19,US,Android
U159,Priya Nair,user159@gmail.com,2023-10-29,,Android
U160,Amit Patel,user160@gmail.com,2023-07-04,UK,Web
U161,Priya Nair,user161@gmail.com,2023-11-11,india,Web
U162,Isha Kapoor,user162@gmail.com,2023-08-25,india,
U163,Isha Kapoor,user163@gmail.com,2023-12-19,Germany,
U164,Rahul Nair,user164@gmail.com,2023-07-05,,iOS
U165,Sneha Singh,user165@gmail.com,2023-02-18,India,iOS
U166,Arjun Mehta,user166@gmail.com,2023-03-06,Germany,
U167,Amit Mehta,user167@gmail.com,2023-11-21,,
U168,Neha Rao,user168@gmail.com,2023-04-06,UK,web
U169,Priya Verma,user169@gmail.com,2023-11-11,UK,Web
U170,Karan Sharma,user170@gmail.com,2023-07-16,UK,iOS
U171,Arjun Singh,user171@gmail.com,2023-04-06,UK,Web
U172,Priya Nair,user172@gmail.com,2023-03-31,UK,Web
U173,Sneha Kapoor,user173@gmail.com,2023-08-22,,
U174,Amit Nair,user174@gmail.com,2023-02-13,,web
U175,Priya Patel,user175@gmail.com,2023-03-02,US,Android
U176,Sneha Patel,user176@gmail.com,2023-11-08,india,web
U177,Amit Kapoor,user177@gmail.com,2023-05-07,UK,web
U178,Priya Kapoor,user178@gmail.com,2023-04-06,India,Web
U179,Priya Rao,user179@gmail.com,2023-10-30,,web
U180,Amit Singh,user180@gmail.com,2023-10-03,India,iOS
U181,Amit Verma,user181@gmail.com,2023-05-30,India,Web
U182,Karan Kapoor,user182@gmail.com,2023-02-19,India,iOS
U183,Amit Rao,user183@gmail.com,2023-12-24,US,Android
U184,Amit Verma,user184@gmail.com,2023-09-08,,Web
U185,Arjun Patel,user185@gmail.com,2023-12-08,India,Android
U186,Sneha Rao,user186@gmail.com,2023-03-18,UK,Web
U187,Priya Verma,user187@gmail.com,2023-12-26,Germany,
U188,Isha Singh,user188@gmail.com,2023-03-09,India,web
U189,Karan Rao,user189@gmail.com,2023-02-13,US,
U190,Karan Verma,user190@gmail.com,2023-02-14,,Android
U191,Neha Kapoor,user191@gmail.com,2023-03-14,US,web
U192,Arjun Patel,user192@gmail.com,2023-06-07,India,Web
U193,Sneha Rao,user193@gmail.com,2023-10-14,,web
U194,Rahul Patel,user194@gmail.com,2023-11-19,Germany,iOS
U195,Neha Kapoor,user195@gmail.com,2023-03-18,India,web
U196,Isha Rao,user196@gmail.com,2023-09-08,US,iOS
U197,Priya Verma,user197@gmail.com,2023-01-02,india,web
U198,Amit Kapoor,user198@gmail.com,2023-03-27,UK,iOS
U199,Priya Verma,user199@gmail.com,2023-05-14,US,Android
U200,Sneha Rao,user200@gmail.com,2023-01-04,,
U201,Priya Patel,user201@gmail.com,2023-04-10,India,Web
U202,Isha Kapoor,user202@gmail.com,2023-03-11,UK,web
U203,Isha Rao,user203@gmail.com,2023-11-24,India,
U204,Rahul Mehta,user204@gmail.com,2023-09-13,,Web
U205,Isha Singh,user205@gmail.com,2023-03-26,India,Web
U206,Amit Sharma,user206@gmail.com,2023-02-14,india,iOS
U207,Sneha Mehta,user207@gmail.com,2023-03-07,UK,Android
U208,Sneha Nair,user208@gmail.com,2023-01-06,UK,Android
U209,Isha Rao,user209@gmail.com,2023-05-02,,
U210,Karan Singh,user210@gmail.com,2023-03-11,india,Android
U211,Priya Rao,user211@gmail.com,2023-02-09,US,web
U212,Rahul Singh,user212@gmail.com,2023-06-19,India,Android
U213,Arjun Patel,user213@gmail.com,2023-12-30,Germany,
U214,Rahul Nair,user214@gmail.com,2023-06-05,India,Android
U215,Rahul Patel,user215@gmail.com,2023-09-02,India,web
U216,Priya Singh,user216@gmail.com,2023-12-19,US,iOS
U217,Priya Sharma,user217@gmail.com,2023-01-19,India,
U218,Sneha Patel,user218@gmail.com,2023-07-03,india,iOS
U219,Sneha Kapoor,user219@gmail.com,2023-02-08,india,iOS
U220,Priya Kapoor,user220@gmail.com,2023-01-27,UK,iOS
U221,Amit Patel,user221@gmail.com,2023-10-28,,Web
U222,Isha Nair,user222@gmail.com,2023-10-18,Germany,Web
U223,Karan Verma,user223@gmail.com,2023-04-03,India,iOS
U224,Arjun Sharma,user224@gmail.com,2023-06-19,India,
U225,Priya Sharma,user225@gmail.com,2023-12-11,US,web
U226,Amit Nair,user226@gmail.com,2023-09-18,,web
U227,Amit Kapoor,user227@gmail.com,2023-06-11,india,Android
U228,Isha Kapoor,user228@gmail.com,2023-08-19,Germany,
U229,Sneha Patel,user229@gmail.com,2023-04-21,UK,Web
U230,Priya Singh,user230@gmail.com,2023-04-13,india,iOS
U231,Sneha Kapoor,user231@gmail.com,2023-10-09,,Android
U232,Rahul Sharma,user232@gmail.com,2023-01-05,UK,web
U233,Isha Kapoor,user233@gmail.com,2023-02-08,US,Web
U234,Sneha Mehta,user234@gmail.com,2023-04-13,US,Web
U235,Sneha Nair,user235@gmail.com,2023-02-11,India,iOS
U236,Isha Patel,user236@gmail.com,2023-09-14,,web
U237,Amit Verma,user237@gmail.com,2023-08-27,Germany,
U238,Amit Rao,user238@gmail.com,2023-03-14,UK,Web
U239,Isha Rao,user239@gmail.com,2023-12-29,india,iOS
U240,Neha Patel,user240@gmail.com,2023-02-02,,
U241,Arjun Verma,user241@gmail.com,2023-11-17,,web
U242,Neha Patel,user242@gmail.com,2023-04-07,US,Web
U243,Sneha Patel,user243@gmail.com,2023-11-11,India,
U244,Neha Rao,user244@gmail.com,2023-06-13,India,
U245,Rahul Rao,user245@gmail.com,2023-05-29,UK,
U246,Amit Patel,user246@gmail.com,2023-01-23,US,Web
U247,Sneha Patel,user247@gmail.com,2023-09-24,,Web
U248,Rahul Mehta,user248@gmail.com,2023-09-01,Germany,Android
U249,Amit Nair,user249@gmail.com,2023-10-19,US,web
U250,Neha Sharma,user250@gmail.com,2023-04-08,UK,iOS
U251,Isha Patel,user251@gmail.com,2023-05-29,UK,
U252,Amit Rao,user252@gmail.com,2023-04-24,US,Android
U253,Arjun Patel,user253@gmail.com,2023-06-26,UK,iOS
U254,Isha Sharma,user254@gmail.com,2023-02-14,US,Android
U255,Amit Singh,user255@gmail.com,2023-11-22,india,Web
U256,Isha Singh,user256@gmail.com,2023-05-12,US,
U257,Neha Kapoor,user257@gmail.com,2023-02-24,US,iOS
U258,Arjun Rao,user258@gmail.com,2023-10-27,UK,iOS
U259,Amit Kapoor,user259@gmail.com,2023-10-29,UK,iOS
U260,Amit Singh,user260@gmail.com,2023-06-28,India,iOS
U261,Arjun Sharma,user261@gmail.com,2023-10-02,India,iOS
U262,Sneha Singh,user262@gmail.com,2023-09-04,india,Android
U263,Amit Sharma,user263@gmail.com,2023-05-10,India,
U264,Rahul Mehta,user264@gmail.com,2023-04-08,US,Web
U265,Karan Kapoor,user265@gmail.com,2023-05-15,UK,Web
U266,Sneha Sharma,user266@gmail.com,2023-01-11,India,Web
U267,Priya Patel,user267@gmail.com,2023-06-26,India,Web
U268,Rahul Singh,user268@gmail.com,2023-07-23,india,Android
U269,Amit Mehta,user269@gmail.com,2023-06-16,,web
U270,Rahul Mehta,user270@gmail.com,2023-02-09,india,
U271,Rahul Kapoor,user271@gmail.com,2023-11-15,US,iOS
U272,Isha Verma,user272@gmail.com,2023-09-11,UK,web
U273,Rahul Singh,user273@gmail.com,2023-07-07,india,Web
U274,Rahul Nair,user274@gmail.com,2023-06-17,India,web
U275,Isha Patel,user275@gmail.com,2023-09-06,UK,
U276,Karan Singh,user276@gmail.com,2023-06-26,UK,iOS
U277,Isha Patel,user277@gmail.com,2023-07-20,India,iOS
U278,Amit Verma,user278@gmail.com,2023-12-02,india,
U279,Priya Singh,user279@gmail.com,2023-08-17,India,
U280,Neha Verma,user280@gmail.com,2023-05-17,,Web
U281,Karan Sharma,user281@gmail.com,2023-04-13,UK,iOS
U282,Neha Nair,user282@gmail.com,2023-04-04,Germany,web
U283,Amit Mehta,user283@gmail.com,2023-04-20,Germany,Android
U284,Isha Kapoor,user284@gmail.com,2023-03-21,US,Android
U285,Sneha Nair,user285@gmail.com,2023-11-10,India,
U286,Rahul Singh,user286@gmail.com,2023-01-12,India,Web
U287,Neha Rao,user287@gmail.com,2023-08-22,US,Android
U288,Amit Sharma,user288@gmail.com,2023-07-11,US,iOS
U289,Amit Nair,user289@gmail.com,2023-01-22,US,
U290,Neha Sharma,user290@gmail.com,2023-12-15,UK,web
U291,Isha Nair,user291@gmail.com,2023-05-11,,
U292,Arjun Mehta,user292@gmail.com,2023-02-11,India,web
U293,Rahul Verma,user293@gmail.com,2023-05-04,UK,
U294,Neha Nair,user294@gmail.com,2023-11-13,US,
U295,Neha Mehta,user295@gmail.com,2023-06-24,India,
U296,Isha Sharma,user296@gmail.com,2023-04-23,UK,web
U297,Priya Nair,user297@gmail.com,2023-02-15,,web
U298,Neha Rao,user298@gmail.com,2023-06-21,UK,
U299,Amit Mehta,user299@gmail.com,2023-07-02,,Android
U300,Karan Mehta,user300@gmail.com,2023-07-26,US,Web
U301,Rahul Rao,user301@gmail.com,2023-02-22,,Web
U302,Isha Sharma,user302@gmail.com,2023-02-14,India,Web
U303,Amit Patel,user303@gmail.com,2023-10-11,US,web
U304,Isha Singh,user304@gmail.com,2023-01-20,India,web
U305,Karan Nair,user305@gmail.com,2023-04-25,Germany,Android
U306,Karan Rao,user306@gmail.com,2023-04-10,india,Web
U307,Karan Verma,user307@gmail.com,2023-10-19,,Web
U308,Priya Singh,user308@gmail.com,2023-08-18,india,
U309,Karan Rao,user309@gmail.com,2023-09-14,india,web
U310,Neha Verma,user310@gmail.com,2023-03-03,,Web
U311,Priya Singh,user311@gmail.com,2023-05-04,US,Android
U312,Neha Sharma,user312@gmail.com,2023-06-18,Germany,Android
U313,Isha Kapoor,user313@gmail.com,2023-09-30,India,Web
U314,Rahul Singh,user314@gmail.com,2023-09-13,UK,web
U315,Amit Sharma,user315@gmail.com,2023-05-17,India,Android
U316,Priya Patel,user316@gmail.com,2023-07-03,UK,
U317,Rahul Kapoor,user317@gmail.com,2023-05-01,India,Android
U318,Isha Kapoor,user318@gmail.com,2023-12-27,,iOS
U319,Priya Sharma,user319@gmail.com,2023-02-08,Germany,iOS
U320,Arjun Mehta,user320@gmail.com,2023-02-07,UK,web
U321,Neha Patel,user321@gmail.com,2023-03-16,US,Web
U322,Rahul Mehta,user322@gmail.com,2023-12-10,India,web
U323,Arjun Verma,user323@gmail.com,2023-06-02,India,web
U324,Neha Rao,user324@gmail.com,2023-02-12,UK,web
U325,Sneha Rao,user325@gmail.com,2023-12-01,US,web
U326,Sneha Mehta,user326@gmail.com,2023-04-05,US,
U327,Karan Nair,user327@gmail.com,2023-08-31,,
U328,Arjun Kapoor,user328@gmail.com,2023-06-06,,Android
U329,Amit Patel,user329@gmail.com,2023-04-26,,iOS
U330,Neha Singh,user330@gmail.com,2023-08-24,,web
U331,Isha Verma,user331@gmail.com,2023-10-01,,Android
U332,Amit Rao,user332@gmail.com,2023-03-07,,iOS
U333,Rahul Sharma,user333@gmail.com,2023-01-16,Germany,Web
U334,Sneha Mehta,user334@gmail.com,2023-09-20,US,
U335,Isha Rao,user335@gmail.com,2023-01-31,,iOS
U336,Sneha Rao,user336@gmail.com,2023-06-06,US,Web
U337,Neha Sharma,user337@gmail.com,2023-08-23,US,iOS
U338,Arjun Verma,user338@gmail.com,2023-01-09,india,
U339,Sneha Verma,user339@gmail.com,2023-05-15,Germany,
U340,Neha Verma,user340@gmail.com,2023-05-06,,Android
U341,Rahul Patel,user341@gmail.com,2023-06-02,India,web
U342,Rahul Singh,user342@gmail.com,2023-04-11,UK,iOS
U343,Karan Nair,user343@gmail.com,2023-08-20,India,iOS
U344,Neha Patel,user344@gmail.com,2023-01-28,Germany,Web
U345,Rahul Kapoor,user345@gmail.com,2023-11-22,UK,
U346,Arjun Nair,user346@gmail.com,2023-08-01,Germany,iOS
U347,Neha Patel,user347@gmail.com,2023-07-20,US,
U348,Rahul Singh,user348@gmail.com,2023-03-24,UK,iOS
U349,Amit Sharma,user349@gmail.com,2023-01-05,US,Android
U350,Karan Mehta,user350@gmail.com,2023-07-29,India,web
U351,Rahul Sharma,user351@gmail.com,2023-02-07,India,iOS
U352,Amit Nair,user352@gmail.com,2023-03-12,UK,
U353,Amit Singh,user353@gmail.com,2023-04-01,UK,Android
U354,Arjun Sharma,user354@gmail.com,2023-12-17,,iOS
U355,Isha Nair,user355@gmail.com,2023-11-11,Germany,Web
U356,Rahul Singh,user356@gmail.com,2023-03-21,,web
U357,Sneha Verma,user357@gmail.com,2023-05-10,Germany,iOS
U358,Amit Singh,user358@gmail.com,2023-11-16,,Android
U359,Arjun Singh,user359@gmail.com,2023-09-09,US,Web
U360,Karan Rao,user360@gmail.com,2023-06-15,UK,Android
U361,Isha Verma,user361@gmail.com,2023-01-10,India,Android
U362,Isha Patel,user362@gmail.com,2023-12-28,Germany,Web
U363,Isha Sharma,user363@gmail.com,2023-08-23,Germany,Android
U364,Isha Kapoor,user364@gmail.com,2023-04-28,India,Web
U365,Amit Kapoor,user365@gmail.com,2023-11-21,,iOS
U366,Sneha Singh,user366@gmail.com,2023-12-13,Germany,Web
U367,Neha Kapoor,user367@gmail.com,2023-03-29,US,Web
U368,Amit Singh,user368@gmail.com,2023-08-01,UK,web
U369,Rahul Kapoor,user369@gmail.com,2023-08-30,India,Web
U370,Neha Mehta,user370@gmail.com,2023-10-10,UK,Web
U371,Amit Rao,user371@gmail.com,2023-06-29,Germany,iOS
U372,Arjun Kapoor,user372@gmail.com,2023-05-11,Germany,web
U373,Isha Verma,user373@gmail.com,2023-11-18,India,
U374,Amit Mehta,user374@gmail.com,2023-03-27,US,iOS
U375,Neha Singh,user375@gmail.com,2023-04-09,india,iOS
U376,Amit Singh,user376@gmail.com,2023-05-14,India,
U377,Karan Rao,user377@gmail.com,2023-08-29,india,Web
U378,Priya Rao,user378@gmail.com,2023-01-11,,Android
U379,Priya Patel,user379@gmail.com,2023-10-13,india,web
U380,Neha Patel,user380@gmail.com,2023-02-15,US,Android
U381,Karan Mehta,user381@gmail.com,2023-02-26,,
U382,Isha Patel,user382@gmail.com,2023-01-17,india,iOS
U383,Karan Mehta,user383@gmail.com,2023-05-27,,iOS
U384,Priya Verma,user384@gmail.com,2023-06-25,india,web
U385,Karan Singh,user385@gmail.com,2023-04-08,US,iOS
U386,Rahul Verma,user386@gmail.com,2023-10-23,india,iOS
U387,Arjun Rao,user387@gmail.com,2023-04-04,india,web
U388,Sneha Singh,user388@gmail.com,2023-12-02,india,web
U389,Neha Patel,user389@gmail.com,2023-09-15,India,
U390,Arjun Mehta,user390@gmail.com,2023-08-07,India,iOS
U391,Isha Kapoor,user391@gmail.com,2023-02-28,India,iOS
U392,Priya Rao,user392@gmail.com,2023-12-13,US,
U393,Karan Verma,user393@gmail.com,2023-09-29,,Web
U394,Amit Mehta,user394@gmail.com,2023-12-26,Germany,Web
U395,Karan Nair,user395@gmail.com,2023-07-13,india,Web
U396,Isha Verma,user396@gmail.com,2023-08-12,india,
U397,Neha Sharma,user397@gmail.com,2023-02-23,US,iOS
U398,Sneha Kapoor,user398@gmail.com,2023-05-17,india,
U399,Karan Rao,user399@gmail.com,2023-04-29,India,
U400,Rahul Kapoor,user400@gmail.com,2023-05-05,Germany,Web
U401,Priya Verma,user401@gmail.com,2023-07-10,UK,Android
U402,Isha Patel,user402@gmail.com,2023-02-05,india,iOS
U403,Neha Verma,user403@gmail.com,2023-11-03,India,Web
U404,Amit Nair,user404@gmail.com,2023-11-04,UK,Android
U405,Arjun Patel,user405@gmail.com,2023-10-17,Germany,Android
U406,Priya Verma,user406@gmail.com,2023-12-07,UK,web
U407,Isha Sharma,user407@gmail.com,2023-11-09,India,iOS
U408,Priya Patel,user408@gmail.com,2023-03-06,,Android
U409,Isha Nair,user409@gmail.com,2023-02-12,,Web
U410,Karan Singh,user410@gmail.com,2023-01-06,UK,web
U411,Isha Sharma,user411@gmail.com,2023-07-15,US,iOS
U412,Sneha Verma,user412@gmail.com,2023-12-21,UK,
U413,Neha Kapoor,user413@gmail.com,2023-01-30,india,Web
U414,Sneha Kapoor,user414@gmail.com,2023-03-10,india,Android
U415,Rahul Kapoor,user415@gmail.com,2023-12-01,,Android
U416,Priya Singh,user416@gmail.com,2023-07-10,US,Web
U417,Rahul Verma,user417@gmail.com,2023-09-16,India,Android
U418,Sneha Singh,user418@gmail.com,2023-04-15,india,web
U419,Isha Singh,user419@gmail.com,2023-06-16,,iOS
U420,Rahul Verma,user420@gmail.com,2023-04-15,Germany,web
U421,Sneha Nair,user421@gmail.com,2023-05-02,,Android
U422,Karan Kapoor,user422@gmail.com,2023-08-13,india,
U423,Priya Verma,user423@gmail.com,2023-03-30,india,iOS
U424,Sneha Patel,user424@gmail.com,2023-11-27,,iOS
U425,Karan Verma,user425@gmail.com,2023-01-23,India,Web
U426,Karan Verma,user426@gmail.com,2023-01-28,UK,Web
U427,Arjun Verma,user427@gmail.com,2023-07-17,india,
U428,Karan Sharma,user428@gmail.com,2023-03-27,,iOS
U429,Karan Sharma,user429@gmail.com,2023-09-08,,
U430,Karan Sharma,user430@gmail.com,2023-07-22,US,Web
U431,Rahul Patel,user431@gmail.com,2023-08-10,UK,Web
U432,Priya Verma,user432@gmail.com,2023-12-06,Germany,iOS
U433,Neha Singh,user433@gmail.com,2023-07-25,India,web
U434,Rahul Rao,user434@gmail.com,2023-01-12,Germany,Android
U435,Sneha Mehta,user435@gmail.com,2023-11-12,UK,Web
U436,Karan Kapoor,user436@gmail.com,2023-11-13,UK,Web
U437,Isha Nair,user437@gmail.com,2023-11-04,UK,web
U438,Sneha Singh,user438@gmail.com,2023-04-26,Germany,web
U439,Sneha Patel,user439@gmail.com,2023-05-24,UK,
U440,Karan Singh,user440@gmail.com,2023-06-13,,
U441,Amit Kapoor,user441@gmail.com,2023-10-19,Germany,Android
U442,Sneha Kapoor,user442@gmail.com,2023-06-14,UK,Android
U443,Rahul Rao,user443@gmail.com,2023-10-31,,iOS
U444,Sneha Sharma,user444@gmail.com,2023-11-04,US,
U445,Amit Singh,user445@gmail.com,2023-06-24,UK,Web
U446,Rahul Singh,user446@gmail.com,2023-07-07,Germany,
U447,Amit Rao,user447@gmail.com,2023-10-06,india,Web
U448,Rahul Patel,user448@gmail.com,2023-01-25,UK,web
U449,Amit Sharma,user449@gmail.com,2023-03-29,india,
U450,Isha Verma,user450@gmail.com,2023-03-06,,web
U451,Isha Sharma,user451@gmail.com,2023-02-14,US,Android
U452,Priya Mehta,user452@gmail.com,2023-06-22,India,Android
U453,Arjun Kapoor,user453@gmail.com,2023-07-15,US,iOS
U454,Isha Singh,user454@gmail.com,2023-11-24,UK,
U455,Rahul Verma,user455@gmail.com,2023-03-26,india,web
U456,Isha Patel,user456@gmail.com,2023-01-22,india,Web
U457,Karan Sharma,user457@gmail.com,2023-12-16,Germany,Android
U458,Amit Sharma,user458@gmail.com,2023-07-30,india,Android
U459,Rahul Singh,user459@gmail.com,2023-01-27,Germany,Web
U460,Karan Mehta,user460@gmail.com,2023-06-10,,web
U461,Neha Mehta,user461@gmail.com,2023-09-11,India,web
U462,Priya Kapoor,user462@gmail.com,2023-12-29,UK,
U463,Amit Mehta,user463@gmail.com,2023-09-15,Germany,
U464,Neha Sharma,user464@gmail.com,2023-11-20,India,iOS
U465,Sneha Singh,user465@gmail.com,2023-12-14,india,Android
U466,Arjun Singh,user466@gmail.com,2023-08-25,india,
U467,Sneha Sharma,user467@gmail.com,2023-06-03,India,web
U468,Amit Patel,user468@gmail.com,2023-08-03,india,Web
U469,Arjun Mehta,user469@gmail.com,2023-11-23,,web
U470,Isha Singh,user470@gmail.com,2023-09-07,,Android
U471,Karan Sharma,user471@gmail.com,2023-11-22,India,web
U472,Amit Patel,user472@gmail.com,2023-03-24,Germany,iOS
U473,Amit Singh,user473@gmail.com,2023-09-05,Germany,Android
U474,Sneha Verma,user474@gmail.com,2023-10-22,India,Web
U475,Arjun Nair,user475@gmail.com,2023-07-16,Germany,iOS
U476,Karan Singh,user476@gmail.com,2023-06-21,Germany,Android
U477,Rahul Rao,user477@gmail.com,2023-01-29,,Web
U478,Karan Mehta,user478@gmail.com,2023-06-16,Germany,iOS
U479,Arjun Kapoor,user479@gmail.com,2023-10-05,US,iOS
U480,Priya Mehta,user480@gmail.com,2023-08-29,UK,Android
U481,Amit Nair,user481@gmail.com,2023-06-20,india,
U482,Rahul Sharma,user482@gmail.com,2023-07-22,US,iOS
U483,Priya Verma,user483@gmail.com,2023-03-16,Germany,iOS
U484,Karan Sharma,user484@gmail.com,2023-01-23,,Web
U485,Amit Rao,user485@gmail.com,2023-10-03,India,web
U486,Karan Rao,user486@gmail.com,2023-05-01,Germany,Android
U487,Sneha Singh,user487@gmail.com,2023-02-06,,Android
U488,Neha Rao,user488@gmail.com,2023-02-24,UK,
U489,Karan Singh,user489@gmail.com,2023-03-14,Germany,
U490,Neha Rao,user490@gmail.com,2023-06-12,India,Android
U491,Isha Kapoor,user491@gmail.com,2023-02-25,,
U492,Sneha Singh,user492@gmail.com,2023-02-27,,Web
U493,Priya Singh,user493@gmail.com,2023-06-16,,Android
U494,Sneha Kapoor,user494@gmail.com,2023-10-16,UK,
U495,Rahul Sharma,user495@gmail.com,2023-03-07,Germany,Android
U496,Karan Verma,user496@gmail.com,2023-05-13,UK,web
U497,Sneha Mehta,user497@gmail.com,2023-12-23,india,iOS
U498,Sneha Sharma,user498@gmail.com,2023-05-12,india,Android
U499,Amit Verma,user499@gmail.com,2023-02-25,Germany,iOS
U500,Isha Sharma,user500@gmail.com,2023-07-07,UK,
U501,Rahul Verma,user501@gmail.com,2023-01-01,India,iOS
U502,Rahul Kapoor,user502@gmail.com,2023-06-09,,Android
U503,Amit Verma,user503@gmail.com,2023-10-11,,web
U504,Rahul Mehta,user504@gmail.com,2023-05-26,Germany,
U505,Arjun Kapoor,user505@gmail.com,2023-03-01,india,Android
U506,Rahul Verma,user506@gmail.com,2023-11-05,india,
U507,Priya Patel,user507@gmail.com,2023-02-22,,Web
U508,Arjun Patel,user508@gmail.com,2023-11-10,Germany,iOS
U509,Arjun Kapoor,user509@gmail.com,2023-01-18,UK,Web
U510,Karan Mehta,user510@gmail.com,2023-10-04,india,Android
U511,Amit Patel,user511@gmail.com,2023-01-26,UK,web
U512,Rahul Kapoor,user512@gmail.com,2023-09-10,india,
U513,Arjun Kapoor,user513@gmail.com,2023-08-30,india,iOS
U514,Arjun Sharma,user514@gmail.com,2023-04-28,US,
U515,Karan Sharma,user515@gmail.com,2023-07-05,india,Android
U516,Isha Singh,user516@gmail.com,2023-01-27,India,
U517,Neha Verma,user517@gmail.com,2023-08-07,Germany,iOS
U518,Neha Patel,user518@gmail.com,2023-08-09,Germany,Android
U519,Amit Verma,user519@gmail.com,2023-05-11,UK,
U520,Amit Singh,user520@gmail.com,2023-08-01,india,web
U521,Sneha Verma,user521@gmail.com,2023-03-10,India,Android
U522,Isha Singh,user522@gmail.com,2023-09-27,UK,Android
U523,Rahul Nair,user523@gmail.com,2023-04-28,US,web
U524,Arjun Kapoor,user524@gmail.com,2023-07-29,UK,Web
U525,Neha Kapoor,user525@gmail.com,2023-02-14,UK,iOS
U526,Amit Nair,user526@gmail.com,2023-09-18,india,Web
U527,Rahul Mehta,user527@gmail.com,2023-05-25,US,
U528,Sneha Kapoor,user528@gmail.com,2023-01-05,UK,web
U529,Priya Nair,user529@gmail.com,2023-02-21,India,Web
U530,Neha Sharma,user530@gmail.com,2023-09-08,India,Android
U531,Neha Verma,user531@gmail.com,2023-07-07,Germany,
U532,Rahul Sharma,user532@gmail.com,2023-10-23,US,
U533,Neha Kapoor,user533@gmail.com,2023-10-25,US,Web
U534,Priya Mehta,user534@gmail.com,2023-10-15,Germany,Web
U535,Isha Verma,user535@gmail.com,2023-01-10,UK,web
U536,Amit Nair,user536@gmail.com,2023-02-23,US,iOS
U537,Priya Sharma,user537@gmail.com,2023-07-15,India,Web
U538,Amit Nair,user538@gmail.com,2023-12-16,India,Web
U539,Isha Sharma,user539@gmail.com,2023-08-10,india,Android
U540,Arjun Rao,user540@gmail.com,2023-10-08,US,
U541,Amit Kapoor,user541@gmail.com,2023-06-07,UK,iOS
U542,Isha Singh,user542@gmail.com,2023-03-19,Germany,Android
U543,Amit Patel,user543@gmail.com,2023-10-07,Germany,web
U544,Karan Sharma,user544@gmail.com,2023-06-22,UK,web
U545,Rahul Verma,user545@gmail.com,2023-03-06,,Web
U546,Karan Kapoor,user546@gmail.com,2023-11-28,india,Web
U547,Amit Rao,user547@gmail.com,2023-04-25,Germany,web
U548,Isha Sharma,user548@gmail.com,2023-12-21,US,Web
U549,Priya Singh,user549@gmail.com,2023-07-12,india,iOS
U550,Karan Patel,user550@gmail.com,2023-08-15,US,Web
U551,Priya Rao,user551@gmail.com,2023-10-31,India,
U552,Sneha Patel,user552@gmail.com,2023-02-13,india,Web
U553,Sneha Singh,user553@gmail.com,2023-10-08,Germany,Android
U554,Arjun Singh,user554@gmail.com,2023-05-16,india,iOS
U555,Karan Rao,user555@gmail.com,2023-04-06,india,Android
U556,Karan Singh,user556@gmail.com,2023-04-16,india,Android
U557,Rahul Mehta,user557@gmail.com,2023-11-05,,
U558,Rahul Rao,user558@gmail.com,2023-07-30,india,iOS
U559,Arjun Rao,user559@gmail.com,2023-10-10,US,iOS
U560,Sneha Patel,user560@gmail.com,2023-02-22,India,iOS
U561,Arjun Rao,user561@gmail.com,2023-11-18,UK,iOS
U562,Isha Nair,user562@gmail.com,2023-06-22,india,iOS
U563,Amit Nair,user563@gmail.com,2023-10-26,Germany,
U564,Arjun Verma,user564@gmail.com,2023-05-21,india,Web
U565,Sneha Nair,user565@gmail.com,2023-04-13,Germany,Android
U566,Arjun Singh,user566@gmail.com,2023-10-15,US,iOS
U567,Sneha Sharma,user567@gmail.com,2023-03-16,Germany,Web
U568,Isha Nair,user568@gmail.com,2023-06-25,UK,Web
U569,Sneha Mehta,user569@gmail.com,2023-03-17,India,Android
U570,Isha Nair,user570@gmail.com,2023-08-31,Germany,
U571,Amit Rao,user571@gmail.com,2023-01-18,Germany,web
U572,Priya Sharma,user572@gmail.com,2023-12-15,India,web
U573,Isha Rao,user573@gmail.com,2023-05-23,UK,Web
U574,Neha Sharma,user574@gmail.com,2023-06-15,india,Android
U575,Neha Verma,user575@gmail.com,2023-08-21,Germany,web
U576,Arjun Singh,user576@gmail.com,2023-06-21,India,Web
U577,Isha Mehta,user577@gmail.com,2023-08-02,US,
U578,Rahul Sharma,user578@gmail.com,2023-08-20,India,web
U579,Amit Kapoor,user579@gmail.com,2023-02-21,US,Web
U580,Arjun Nair,user580@gmail.com,2023-09-16,UK,Web
U581,Amit Sharma,user581@gmail.com,2023-07-26,india,iOS
U582,Arjun Nair,user582@gmail.com,2023-09-03,India,
U583,Rahul Mehta,user583@gmail.com,2023-06-29,,iOS
U584,Rahul Rao,user584@gmail.com,2023-03-16,Germany,Android
U585,Priya Singh,user585@gmail.com,2023-10-20,UK,iOS
U586,Karan Patel,user586@gmail.com,2023-09-10,India,iOS
U587,Priya Verma,user587@gmail.com,2023-06-23,Germany,web
U588,Karan Verma,user588@gmail.com,2023-07-19,India,Web
U589,Priya Singh,user589@gmail.com,2023-01-24,US,
U590,Neha Verma,user590@gmail.com,2023-05-12,India,iOS
U591,Priya Nair,user591@gmail.com,2023-05-02,,
U592,Karan Singh,user592@gmail.com,2023-10-07,India,iOS
U593,Isha Singh,user593@gmail.com,2023-03-23,India,Android
U594,Priya Sharma,user594@gmail.com,2023-02-11,,iOS
U595,Priya Kapoor,user595@gmail.com,2023-03-05,UK,web
U596,Neha Singh,user596@gmail.com,2023-03-09,India,Web
U597,Neha Nair,user597@gmail.com,2023-08-18,,Android
U598,Amit Kapoor,user598@gmail.com,2023-01-06,Germany,iOS
U599,Priya Kapoor,user599@gmail.com,2023-07-20,US,
U600,Amit Singh,user600@gmail.com,2023-07-09,US,Android
U601,Neha Rao,user601@gmail.com,2023-11-26,India,Android
U602,Arjun Rao,user602@gmail.com,2023-08-23,UK,iOS
U603,Neha Rao,user603@gmail.com,2023-04-07,UK,Android
U604,Karan Rao,user604@gmail.com,2023-10-31,Germany,
U605,Amit Singh,user605@gmail.com,2023-04-12,India,Android
U606,Isha Sharma,user606@gmail.com,2023-01-14,US,
U607,Karan Nair,user607@gmail.com,2023-06-24,UK,iOS
U608,Priya Patel,user608@gmail.com,2023-10-02,India,Web
U609,Priya Verma,user609@gmail.com,2023-07-02,UK,Android
U610,Karan Sharma,user610@gmail.com,2023-04-03,,Web
U611,Karan Kapoor,user611@gmail.com,2023-08-12,UK,
U612,Amit Nair,user612@gmail.com,2023-07-09,US,Android
U613,Karan Mehta,user613@gmail.com,2023-04-28,india,web
U614,Amit Sharma,user614@gmail.com,2023-05-17,Germany,Web
U615,Rahul Mehta,user615@gmail.com,2023-04-15,Germany,Android
U616,Karan Mehta,user616@gmail.com,2023-03-10,US,Web
U617,Amit Nair,user617@gmail.com,2023-10-23,UK,Android
U618,Neha Nair,user618@gmail.com,2023-01-01,India,iOS
U619,Priya Sharma,user619@gmail.com,2023-09-05,UK,Web
U620,Amit Singh,user620@gmail.com,2023-06-08,US,web
U621,Arjun Nair,user621@gmail.com,2023-08-22,Germany,web
U622,Neha Kapoor,user622@gmail.com,2023-08-24,UK,
U623,Priya Kapoor,user623@gmail.com,2023-06-11,Germany,Android
U624,Neha Sharma,user624@gmail.com,2023-10-01,India,Web
U625,Isha Nair,user625@gmail.com,2023-07-27,Germany,
U626,Isha Nair,user626@gmail.com,2023-02-17,Germany,Web
U627,Arjun Kapoor,user627@gmail.com,2023-01-18,india,Android
U628,Priya Sharma,user628@gmail.com,2023-10-08,india,web
U629,Isha Kapoor,user629@gmail.com,2023-04-30,,iOS
U630,Amit Sharma,user630@gmail.com,2023-08-05,india,web
U631,Neha Sharma,user631@gmail.com,2023-07-29,Germany,
U632,Karan Kapoor,user632@gmail.com,2023-12-22,US,iOS
U633,Amit Kapoor,user633@gmail.com,2023-06-21,Germany,
U634,Neha Singh,user634@gmail.com,2023-02-12,US,Android
U635,Neha Mehta,user635@gmail.com,2023-01-22,US,iOS
U636,Karan Verma,user636@gmail.com,2023-12-24,india,
U637,Arjun Mehta,user637@gmail.com,2023-12-10,UK,Android
U638,Neha Rao,user638@gmail.com,2023-10-07,India,web
U639,Karan Mehta,user639@gmail.com,2023-09-21,india,Android
U640,Arjun Verma,user640@gmail.com,2023-06-18,india,Web
U641,Arjun Nair,user641@gmail.com,2023-11-16,UK,Android
U642,Isha Nair,user642@gmail.com,2023-03-30,India,Android
U643,Arjun Mehta,user643@gmail.com,2023-05-11,Germany,Web
U644,Sneha Verma,user644@gmail.com,2023-05-06,,
U645,Neha Kapoor,user645@gmail.com,2023-08-12,,
U646,Sneha Nair,user646@gmail.com,2023-10-27,Germany,Android
U647,Karan Rao,user647@gmail.com,2023-10-30,india,Web
U648,Sneha Verma,user648@gmail.com,2023-10-18,India,Web
U649,Rahul Rao,user649@gmail.com,2023-07-22,india,web
U650,Arjun Kapoor,user650@gmail.com,2023-04-18,US,
U651,Isha Kapoor,user651@gmail.com,2023-08-28,india,iOS
U652,Isha Rao,user652@gmail.com,2023-11-06,india,
U653,Neha Nair,user653@gmail.com,2023-03-04,Germany,
U654,Amit Rao,user654@gmail.com,2023-04-02,Germany,web
U655,Neha Nair,user655@gmail.com,2023-08-31,Germany,iOS
U656,Priya Kapoor,user656@gmail.com,2023-05-23,,web
U657,Amit Sharma,user657@gmail.com,2023-05-31,US,iOS
U658,Amit Kapoor,user658@gmail.com,2023-07-19,Germany,Android
U659,Karan Patel,user659@gmail.com,2023-10-13,India,iOS
U660,Arjun Singh,user660@gmail.com,2023-03-10,,web
U661,Karan Kapoor,user661@gmail.com,2023-09-05,UK,
U662,Neha Patel,user662@gmail.com,2023-10-19,India,iOS
U663,Sneha Singh,user663@gmail.com,2023-06-01,India,iOS
U664,Rahul Kapoor,user664@gmail.com,2023-12-08,Germany,Web
U665,Priya Mehta,user665@gmail.com,2023-11-29,UK,
U666,Neha Nair,user666@gmail.com,2023-07-28,UK,Android
U667,Rahul Singh,user667@gmail.com,2023-04-09,,web
U668,Priya Verma,user668@gmail.com,2023-07-16,UK,Android
U669,Isha Sharma,user669@gmail.com,2023-03-24,US,
U670,Neha Kapoor,user670@gmail.com,2023-04-02,Germany,iOS
U671,Arjun Verma,user671@gmail.com,2023-06-26,UK,iOS
U672,Arjun Rao,user672@gmail.com,2023-04-26,,
U673,Neha Nair,user673@gmail.com,2023-11-09,US,iOS
U674,Rahul Nair,user674@gmail.com,2023-06-28,india,iOS
U675,Karan Rao,user675@gmail.com,2023-01-12,india,iOS
U676,Sneha Singh,user676@gmail.com,2023-07-23,US,web
U677,Rahul Kapoor,user677@gmail.com,2023-12-28,,web
U678,Isha Rao,user678@gmail.com,2023-12-14,US,Web
U679,Sneha Nair,user679@gmail.com,2023-09-20,Germany,Android
U680,Karan Verma,user680@gmail.com,2023-11-02,Germany,
U681,Karan Patel,user681@gmail.com,2023-01-04,india,
U682,Neha Verma,user682@gmail.com,2023-11-22,UK,
U683,Neha Sharma,user683@gmail.com,2023-03-03,,Web
U684,Karan Rao,user684@gmail.com,2023-03-30,india,web
U685,Neha Singh,user685@gmail.com,2023-01-13,UK,Web
U686,Rahul Mehta,user686@gmail.com,2023-01-27,UK,
U687,Isha Patel,user687@gmail.com,2023-01-25,Germany,Android
U688,Rahul Nair,user688@gmail.com,2023-05-31,India,iOS
U689,Neha Verma,user689@gmail.com,2023-07-11,India,web
U690,Priya Rao,user690@gmail.com,2023-05-08,US,web
U691,Isha Verma,user691@gmail.com,2023-08-26,Germany,Web
U692,Arjun Kapoor,user692@gmail.com,2023-03-18,UK,web
U693,Amit Rao,user693@gmail.com,2023-07-13,,
U694,Arjun Verma,user694@gmail.com,2023-08-16,India,
U695,Amit Sharma,user695@gmail.com,2023-09-30,UK,Web
U696,Amit Singh,user696@gmail.com,2023-03-17,India,
U697,Rahul Verma,user697@gmail.com,2023-07-08,India,Android
U698,Karan Nair,user698@gmail.com,2023-09-14,India,Web
U699,Priya Kapoor,user699@gmail.com,2023-03-04,,Android
U700,Rahul Verma,user700@gmail.com,2023-03-12,Germany,iOS
U701,Isha Kapoor,user701@gmail.com,2023-05-25,,Android
U702,Amit Nair,user702@gmail.com,2023-07-18,india,iOS
U703,Priya Nair,user703@gmail.com,2023-04-29,UK,iOS
U704,Arjun Verma,user704@gmail.com,2023-08-26,Germany,Android
U705,Priya Rao,user705@gmail.com,2023-05-25,Germany,Web
U706,Isha Nair,user706@gmail.com,2023-11-16,Germany,
U707,Isha Singh,user707@gmail.com,2023-01-01,Germany,
U708,Arjun Singh,user708@gmail.com,2023-04-26,,iOS
U709,Arjun Patel,user709@gmail.com,2023-01-10,Germany,iOS
U710,Neha Verma,user710@gmail.com,2023-08-31,US,Web
U711,Priya Nair,user711@gmail.com,2023-08-24,UK,web
U712,Karan Rao,user712@gmail.com,2023-02-09,Germany,Android
U713,Isha Sharma,user713@gmail.com,2023-03-16,UK,iOS
U714,Neha Rao,user714@gmail.com,2023-09-02,US,
U715,Isha Verma,user715@gmail.com,2023-03-07,US,Web
U716,Neha Nair,user716@gmail.com,2023-07-16,UK,Android
U717,Arjun Sharma,user717@gmail.com,2023-07-18,India,Web
U718,Arjun Kapoor,user718@gmail.com,2023-10-19,india,Android
U719,Karan Rao,user719@gmail.com,2023-06-15,India,Android
U720,Rahul Verma,user720@gmail.com,2023-08-27,India,iOS
U721,Karan Nair,user721@gmail.com,2023-12-03,,Web
U722,Sneha Kapoor,user722@gmail.com,2023-01-25,India,Web
U723,Sneha Mehta,user723@gmail.com,2023-05-16,Germany,
U724,Neha Nair,user724@gmail.com,2023-05-13,,
U725,Neha Mehta,user725@gmail.com,2023-04-01,,iOS
U726,Sneha Mehta,user726@gmail.com,2023-04-25,US,iOS
U727,Arjun Patel,user727@gmail.com,2023-11-14,India,web
U728,Isha Kapoor,user728@gmail.com,2023-04-30,US,
U729,Amit Mehta,user729@gmail.com,2023-12-04,UK,Android
U730,Isha Nair,user730@gmail.com,2023-11-08,india,Web
U731,Neha Sharma,user731@gmail.com,2023-12-17,,iOS
U732,Amit Nair,user732@gmail.com,2023-07-20,UK,Web
U733,Isha Verma,user733@gmail.com,2023-11-27,UK,Web
U734,Rahul Rao,user734@gmail.com,2023-06-23,Germany,web
U735,Arjun Singh,user735@gmail.com,2023-08-13,india,
U736,Arjun Mehta,user736@gmail.com,2023-11-23,UK,iOS
U737,Arjun Singh,user737@gmail.com,2023-10-02,UK,Web
U738,Neha Sharma,user738@gmail.com,2023-06-11,india,iOS
U739,Amit Verma,user739@gmail.com,2023-01-21,india,Android
U740,Arjun Kapoor,user740@gmail.com,2023-11-30,UK,web
U741,Neha Rao,user741@gmail.com,2023-04-05,india,Android
U742,Karan Sharma,user742@gmail.com,2023-06-06,UK,iOS
U743,Amit Mehta,user743@gmail.com,2023-03-20,UK,iOS
U744,Neha Mehta,user744@gmail.com,2023-07-03,Germany,
U745,Arjun Kapoor,user745@gmail.com,2023-08-13,India,Web
U746,Sneha Verma,user746@gmail.com,2023-12-14,UK,Web
U747,Karan Kapoor,user747@gmail.com,2023-09-12,US,Android
U748,Rahul Sharma,user748@gmail.com,2023-09-12,,web
U749,Priya Patel,user749@gmail.com,2023-07-31,India,Web
U750,Amit Verma,user750@gmail.com,2023-03-11,India,
U751,Amit Rao,user751@gmail.com,2023-04-13,India,Android
U752,Isha Verma,user752@gmail.com,2023-04-03,Germany,Android
U753,Arjun Verma,user753@gmail.com,2023-12-25,UK,
U754,Neha Rao,user754@gmail.com,2023-02-20,Germany,web
U755,Karan Kapoor,user755@gmail.com,2023-04-12,UK,
U756,Neha Patel,user756@gmail.com,2023-05-09,Germany,web
U757,Neha Verma,user757@gmail.com,2023-12-11,Germany,
U758,Priya Kapoor,user758@gmail.com,2023-12-09,,
U759,Rahul Patel,user759@gmail.com,2023-09-29,US,iOS
U760,Rahul Singh,user760@gmail.com,2023-09-14,Germany,Android
U761,Karan Nair,user761@gmail.com,2023-09-12,,
U762,Sneha Verma,user762@gmail.com,2023-12-18,india,
U763,Priya Nair,user763@gmail.com,2023-08-12,US,Web
U764,Karan Mehta,user764@gmail.com,2023-11-10,Germany,Android
U765,Amit Singh,user765@gmail.com,2023-10-10,India,Web
U766,Amit Rao,user766@gmail.com,2023-03-14,india,Android
U767,Sneha Verma,user767@gmail.com,2023-09-23,india,Web
U768,Isha Mehta,user768@gmail.com,2023-08-28,,
U769,Rahul Sharma,user769@gmail.com,2023-08-11,india,
U770,Sneha Patel,user770@gmail.com,2023-11-21,US,iOS
U771,Arjun Mehta,user771@gmail.com,2023-02-19,Germany,Web
U772,Amit Nair,user772@gmail.com,2023-04-28,Germany,web
U773,Rahul Singh,user773@gmail.com,2023-08-19,India,iOS
U774,Rahul Patel,user774@gmail.com,2023-09-01,,Web
U775,Karan Kapoor,user775@gmail.com,2023-02-18,India,Web
U776,Sneha Sharma,user776@gmail.com,2023-02-06,india,iOS
U777,Rahul Nair,user777@gmail.com,2023-10-03,India,
U778,Karan Patel,user778@gmail.com,2023-09-29,US,Web
U779,Neha Mehta,user779@gmail.com,2023-12-24,Germany,
U780,Karan Singh,user780@gmail.com,2023-06-25,india,iOS
U781,Priya Singh,user781@gmail.com,2023-01-21,India,
U782,Isha Patel,user782@gmail.com,2023-03-30,,Android
U783,Sneha Kapoor,user783@gmail.com,2023-09-13,US,web
U784,Neha Nair,user784@gmail.com,2023-02-14,US,Web
U785,Priya Singh,user785@gmail.com,2023-08-28,India,web
U786,Sneha Rao,user786@gmail.com,2023-06-25,Germany,
U787,Karan Singh,user787@gmail.com,2023-06-19,India,Web
U788,Arjun Sharma,user788@gmail.com,2023-08-29,india,
U789,Sneha Nair,user789@gmail.com,2023-08-08,India,Android
U790,Rahul Singh,user790@gmail.com,2023-12-27,US,iOS
U791,Priya Sharma,user791@gmail.com,2023-10-07,India,Web
U792,Karan Singh,user792@gmail.com,2023-10-30,Germany,Android
U793,Rahul Sharma,user793@gmail.com,2023-05-16,,Android
U794,Rahul Rao,user794@gmail.com,2023-07-27,UK,Web
U795,Sneha Kapoor,user795@gmail.com,2023-04-22,India,
U796,Amit Rao,user796@gmail.com,2023-11-10,Germany,Android
U797,Amit Verma,user797@gmail.com,2023-12-16,Germany,web
U798,Rahul Nair,user798@gmail.com,2023-07-29,,Android
U799,Isha Sharma,user799@gmail.com,2023-11-21,US,
U800,Neha Singh,user800@gmail.com,2023-02-23,Germany,
U187,Priya Verma,user187@gmail.com,2023-12-26,Germany,
U491,Isha Kapoor,user491@gmail.com,2023-02-25,,
U583,Rahul Mehta,user583@gmail.com,2023-06-29,,iOS
U481,Amit Nair,user481@gmail.com,2023-06-20,india,
U205,Isha Singh,user205@gmail.com,2023-03-26,India,Web
U83,Amit Patel,user83@gmail.com,2023-12-31,UK,Web
U611,Karan Kapoor,user611@gmail.com,2023-08-12,UK,
U719,Karan Rao,user719@gmail.com,2023-06-15,India,Android
U671,Arjun Verma,user671@gmail.com,2023-06-26,UK,iOS
U112,Karan Sharma,user112@gmail.com,2023-06-29,India,Web
U564,Arjun Verma,user564@gmail.com,2023-05-21,india,Web
U391,Isha Kapoor,user391@gmail.com,2023-02-28,India,iOS
U477,Rahul Rao,user477@gmail.com,2023-01-29,,Web
U96,Arjun Mehta,user96@gmail.com,2023-03-06,UK,Android
U240,Neha Patel,user240@gmail.com,2023-02-02,,
U235,Sneha Nair,user235@gmail.com,2023-02-11,India,iOS
U57,Isha Kapoor,user57@gmail.com,2023-10-14,india,Android
U780,Karan Singh,user780@gmail.com,2023-06-25,india,iOS
U708,Arjun Singh,user708@gmail.com,2023-04-26,,iOS
U488,Neha Rao,user488@gmail.com,2023-02-24,UK,
